Title,Source,Published,Link
Eden Mobility on the move with latest acquisition - Foresight Group,"""acquisition when:2d"" - Google News","Fri, 30 Jan 2026 09:43:47 GMT",https://news.google.com/rss/articles/CBMiuwFBVV95cUxNSXNwZ2dHNnpuUzBCVHNIT0Z0UEZjT3lQQVlTZGNKT3JUZ29JWHF3SHZ5dHhaZVUtdnRmdm5YZVhJZVZJNFJyVFF1aUdzOTdoQWNNQi1fU1J2UFUtbk1nUTBKN2FmVUhVb0JHdXhzSXB2REJURFNzajBac0ZYOUtkWUd6dWVMSjhleEJiLVhoY3gzcjZpV0ctaFIzMlFvallWSzZ4ZElfZUJyMnUwajRYR2o4Zk1zZmgyX1kw?oc=5
Wren Sterling expands in South West with Brunsdon acquisition - Money Marketing,"""acquisition when:2d"" - Google News","Fri, 30 Jan 2026 09:41:08 GMT",https://news.google.com/rss/articles/CBMiogFBVV95cUxOYUo5VHZPS2tEMjdsVTVkZWRXb1ZEV045NVZHMDJRaXAyejRCTkFabldib2xnd0Q5ZlZKTVV0RzJjTTVrZWZya0Fjdm96TDNmUXBUZHV1NG5xYmFWN25ERmRBanNLYjQyMERjdDBQaFpSVUxIaUdxaVlQSjFNRFlkR0RacklNNmQyZXc3cDNlcFRjdmxLNm9UOHhiNmhmUHpPYXc?oc=5
Ingka Investments completes forestland acquisition in the Baltics from Södra - Ingka Group,"""acquisition when:2d"" - Google News","Fri, 30 Jan 2026 11:01:27 GMT",https://news.google.com/rss/articles/CBMirAFBVV95cUxQal9PdFlxdUtuSmhrQXNwR3ZHUEJiYnlMcWZDZlRvMTQ2RHpITEVMM3hQUGxTeGo2WnAyT2dIMGFsaDR6RnZsbmRlZ0NhUjhYNWZzNE5PQ0NHYklZN3BoQ1hIaHQ2WFRDak1HdERhdGxzNGJCeUtIYjFmWWpsS1U3eHVXc0J4VkpiSTVxMzJ5MWtiNWt4QnY2Ym1fU0hjRmg3YmhIOGJMZ0ZvaElB?oc=5
Strategic acquisition sees Wren Sterling strengthen South West presence - eastmidlandsbusinesslink.co.uk,"""acquisition when:2d"" - Google News","Fri, 30 Jan 2026 10:37:22 GMT",https://news.google.com/rss/articles/CBMixgFBVV95cUxPV3pOSUc5Y0dSc0dYTFBZRC1US0x2NmZINkxxcENJZHYzRUx0dEtJZE5zbGxCM0pOWTFYRWdnWW1mVnhUNUdkdi1XUzFnYUV1T2ZYaEtTM3BGTFBwWG5zajVrY2JRbVVoTTVGNzNjT0cxN01UTkZxd1RaWmZmRGJUOTJtd0RvZG5pNGJxMEFES1ZIMUhab0FySWtUTmpzRlQ4ckw1QjNBdk44TkRZXzhWQklQbkRFM1BRZjVHLWVzR3JHWEZVdHc?oc=5
CMA CGM completes Freightliner acquisition - RailFreight.com,"""acquisition when:2d"" - Google News","Fri, 30 Jan 2026 07:37:40 GMT",https://news.google.com/rss/articles/CBMilgFBVV95cUxNNDlHWURkd1VxTlFMaHBXWDd1aE02dEdLeFNNRGs0blFEdFBGdEdlMDFkVzRaRWt6NkpNUWFNSThLT2VyY2tVeEdOMWVRM1dlREZBeDF1MHRxX1dhX2pyVV9KVG5WbkF3b0VkdU55WnJsdDduVzd1Z04zUktiR2JZY0F4NlBrLTdwbE03VjJfcWUxQWF2R3c?oc=5
CMS advises Bechtle on the acquisition of RIS 2048 - Iberian Lawyer,"""acquisition when:2d"" - Google News","Fri, 30 Jan 2026 13:05:05 GMT",https://news.google.com/rss/articles/CBMigwFBVV95cUxQNF9CTnlwV1pLOEtCUzM5YnN2UHZjY1VVWkRxcmFGM2k3UWlsTEFaakxNeEJTVVhocjA4Ym95ZklXZG0yVnJQekJhTEt0UFpSREZYMGN0TVpDTldrbklKcG9DTTBIOXdvamI5Qi1oMUl3Q2ZRY1pZWTJxM0VCTW9fWHFQZw?oc=5
IWP acquisition transforms Titan Wealth’s client and adviser proposition - IFA Magazine,"""acquisition when:2d"" - Google News","Fri, 30 Jan 2026 09:45:00 GMT",https://news.google.com/rss/articles/CBMinAFBVV95cUxOX0tTaUJrbUVYLTdQZXFKRjJHQXh5bVNVY2p2UmxWY3czSkVZbHlqdF9ic3FnbDQ1bmluWExBY0VmY3o2XzZFMkoyZ0dCd3FUSjlTc0tSSF9lcUxoWGdiYU9LNlNUcTBZdGFDZ0FJRDFQbnV4QkJXM2Izdkdvc3Q5MVVTaWdSRktjWFNZOUo5NHZhRmpMUkZpOW1EMHE?oc=5
AUB Group Expands UK Platform with Majority Acquisition of Prestige Insurance Holdings - Claims Media,"""acquisition when:2d"" - Google News","Fri, 30 Jan 2026 12:44:51 GMT",https://news.google.com/rss/articles/CBMiuwFBVV95cUxONkxEeDFOTXBGOXRheVdlQ0I1aGhhRjFnZ2JqZnVzM3VMZHpRWnJ3Y0pqZk5wei1IV0JjTjdTOVRGcGdJODB0NmF2ZWxqYzVid0hyUnpoUTcwZTVZd1p6MndMMVUxTUItQjFUZlJGdk9paFpVcDFMWUVIZkQyTWt2dndCQzE2QWpBOG9LQnUybHM5NDgtRXQ0RUpySUtqakY0LVRGSjBKaWplVUtHbkpuX0J2T2EzOXNTbENz?oc=5
MCR Property Group Expands Portfolio with Parham Student Village Acquisition in Canterbury - Global Student Living,"""acquisition when:2d"" - Google News","Fri, 30 Jan 2026 09:40:46 GMT",https://news.google.com/rss/articles/CBMiwgFBVV95cUxQT2NXcDBSRXRfbDBuUnlsaGZfY1VUZ0J3X05OTkYzYURCWlpCTFh3TlhoTW16bnJhSEZvTy1uMmNhS3FzcVBDS3dJVU9LblpMb0xjV1pfUkFWOVZsWnpyZFowQ2c3ZWkxTkFlLWJUQVN3OTViWnRSZW4tVWFKVnZUQkxjUkhuODJnQXEzX1B3bkd6M2xjN3ZzR0p0eDhzUmVub1l4QVRncGN4UHkxS21MZGhYLXE1LUoybkpTZDRXWlZRUQ?oc=5
Çelebi entered Kenya with acquisition of Transglobal Cargo Centre - Airside International,"""acquisition when:2d"" - Google News","Fri, 30 Jan 2026 12:19:13 GMT",https://news.google.com/rss/articles/CBMirwFBVV95cUxQRzR5eXNDZFh2SVNvZHlFUUJ3eEk5a3FOVV8zQXltWVpvdk9FLVFaMk0xTUpUWTRaTVdiMWlaeDE5cFFvT05LUjJ6Ui14R0JwOER3b0o5aWpPNlU3Q3NoN1JyU3hPUU9QT1BiNlNMcWh2ZUZZUkFvQ2tBbXBkc0FWTkwzSE1ZR0MtZUxwdnBTREtEWTBXOTZiLU1QWkprVHVMQnM0Mk0tSEtsUElHUWdZ?oc=5
"GuestReady’s acquisition of Lightbooking lifts Spanish portfolio by 200+ units, taking global total beyond 4,000 - EU-Startups","""acquisition when:2d"" - Google News","Fri, 30 Jan 2026 11:20:16 GMT",https://news.google.com/rss/articles/CBMi3gFBVV95cUxQcFJzTzFxRVNCYXFHdTRWLWFhdjJoakx5bUlqaEdZeWd4TjE1bHp3YkZhSkx0UlIxSDExQ01fT3kwcW1YOFZiWVREWVQzdXA4dXlUODdUZ1AxQXYzdzk1MHlOTGZ4anpGTllER0dLd3FQNXlvbXd2TkFXOER3T2ZvclFxSjVEbkJyUzE1dHUyb1VjR2RYNVpIVG5pUUJQNDNYaTZwLTZoRmFyVnBEeHI5ZU43cEZvUEZOeW9pUTM3bFJyeTZFR0FIZDV6Zm1oZ0NjdlJEX3dybG1ub2t0d2c?oc=5
GuestReady expands Spanish presence with acquisition of Lightbooking - shorttermrentalz.com,"""acquisition when:2d"" - Google News","Fri, 30 Jan 2026 12:25:13 GMT",https://news.google.com/rss/articles/CBMipgFBVV95cUxQWm9QWmFnU24xV2g5aDZnWWNVUjBqRlNZdnd0d0pwZ0xnSUdpVmQ4bE9RQnVkSWJlb25jZ19yWG5jUkZNdXBFVjBPU2VRdFNhLTFwbjdHektVSGsySlRsWWRRTGdmOW1DVHlXTlRxOXNQUkZuaWRaTi05a3FhaTROemtFdi12YU9adlc5WHc5dVVLbGJkengzbjFWamVLUU84dnlEMW1n?oc=5
Cosnova Beauty enters skin care with Niche Beauty Lab acquisition - Cosmetics Business,"""acquisition when:2d"" - Google News","Fri, 30 Jan 2026 11:47:38 GMT",https://news.google.com/rss/articles/CBMiiAFBVV95cUxQQWpjejh4NjdWQTVMcVZUU1B0U0t6UXNJQXZQckwzTXpZTzNTeldKeGN4WTRNVGExR2xlSHdZdzk2NThwRjlyN2lWTjhWek5nZ1Jhd2hTbmFEeXZWVU5RcEFtWlBkWHhkd2JaQ1VleXZlckozOU5MdWktS1dDdXdsOEhhNl85cDBK?oc=5
Vattenfall set for utility acquisition worth EUR 50 million - EnergyWatch,"""acquisition when:2d"" - Google News","Fri, 30 Jan 2026 08:43:05 GMT",https://news.google.com/rss/articles/CBMickFVX3lxTE5yUEh2dkR5TDF4WTYwTzNTWU1MbXRQQ2lTVmM2Y1BqQnY2eVFvSzU2TDJwaGw3dzV4NGFUZURDZTUxMVBVaDBBazN3ekRVdlVndE1aVndVZGpqWE04TGJsVlEtSHc0S2J3a2tJOWM0Zi1zUQ?oc=5
BKV Corporation Successfully Closes Acquisition of Control Position in BKV-BPP Power Joint Venture - Financial Times,"""acquisition when:2d"" - Google News","Fri, 30 Jan 2026 13:35:00 GMT",https://news.google.com/rss/articles/CBMipgFBVV95cUxQLUMzX0pwYUpVR0R5SUVVVnNuRkhSajk5enZYNnNwbVUtbmp3bnZrLTc4aWRwWWJqV3Z6VmVoQ2d4d3VKZWhHQnppWGdjQmtYSUZJNzM0U3ZWY2Y0RlFpbVkybkZMNHlINjRjd2U0SkYybzFfdXUzdU90SDZvOGdvNlNSNjVNTjRLRFZKeWpjTGpxSlhXRC1HQnEtdzVwLXJnVjRhS293?oc=5
Ageas UK hires new CTO after Esure acquisition - Insurance Times,"""acquisition when:2d"" - Google News","Fri, 30 Jan 2026 10:47:27 GMT",https://news.google.com/rss/articles/CBMiogFBVV95cUxQVGNlTHdpMTBoVHlSb3lOVVEtNUJJOTBCNWhnTm1sWUEwenJxdkhneENyVDBQbWFtUFNpbTBNQ1ZXUnlFVjE1aWw1M3F5TnRnalZTc000cFZKdTNBWldFSHlwcXpGXzF0elFsZHJYZGtpZWJZLXZocGM0eHFDMGllOXU4UmJlV0JOZ1h2dkV0SUJlaTJvc3V0VkNUVlRBdXNmblE?oc=5
Legal Quadro advises Devoteam on the acquisition of Deiser - Iberian Lawyer,"""acquisition when:2d"" - Google News","Fri, 30 Jan 2026 08:53:36 GMT",https://news.google.com/rss/articles/CBMijgFBVV95cUxQMmhXbXVtdmtpYlZGb25pR2VIaTJuVjhWb3QzNWZfdV90aXAxak45emROY0JXRlYxN3VOZFhjcGhzOTJfelRnbW5vUlh1VzZaTmQ0MTI5T25zU1A4RFhla0MxaUNFbFoxYkJ6Q3hWZDBHSFJ6aTJVR2VsdmRDdE4wWHlmWkxqTGZSZTJfX0NR?oc=5
Phenna Group expands into Italy with A Cube TIC acquisition - eastmidlandsbusinesslink.co.uk,"""acquisition when:2d"" - Google News","Fri, 30 Jan 2026 11:34:53 GMT",https://news.google.com/rss/articles/CBMitwFBVV95cUxQLTJBal9PaklYbXhHdVlYUEFpbGp3MVhoVkdKdWpZNDlZenVOMUY4a0M4WnpQb1JLUUJPVVllTV9EclpwUUNYUE51VmtjQlJMbTBHUXdvbEFYUExVS2JCNTZTd2xqU3Y0MGpyV005NjdId2FmZHJJdGhpTjd3YTFkanNuc3h6STFxUlhTc1A5TkpZS2FoTDg0NzJ3R2E2SkVjRVhDSm1oMk5pXzl6ODNDZFF4NDQ2QXc?oc=5
Nomura to Buy Back Shares as Record Annual Profit Still in Sight - Bloomberg.com,"""acquisition when:2d"" - Google News","Fri, 30 Jan 2026 09:51:52 GMT",https://news.google.com/rss/articles/CBMitgFBVV95cUxPS1hud2hsVWpPejR2WGxqMUVLbms3YlRvWEJuVzVQRFFodFBUZU5lNWMtY05VbVR1UWc1TENVUV95d1FHLW5UNElla2ljbzBsRXhiQW4yeGkzb0dLVGFXSDF1WTN5QzFSUDZ6SlQ0eUM1b0tETWF4SVFlTWVUTENiRVRsSG9oWXZzQVRTeXFaX3g3Y29Hclh4aWYxNDNDbTFLQ0I5U0xVTTA3amp1QzBZaUlhSU1LUQ?oc=5
South Korea's Naver completes acquisition of Wallapop - catalannews.com,"""acquisition when:2d"" - Google News","Fri, 30 Jan 2026 11:11:24 GMT",https://news.google.com/rss/articles/CBMimgFBVV95cUxPTnpSZ0xNdmt4aDlEODBmMnBSNE1nVG9WZU1RelUwT3pjVjBvanVmcTA3bkxqMllZazR3N3R4Y196bkgtam1TczVSZ0NLdW1ZRWRhU3F6ZERMaC03WjBpemVZcnJ5bGJsOXdja1VPVDA1czUyQnYzRHh2blJkNTAtMWdNN3BKbVJtLTRteWNYbU84TWVlUmJJNXZR?oc=5
"Killam Apartment REIT Completes Acquisition of 109-Unit Apartment Building in Halifax, Nova Scotia - Financial Times","""acquisition when:2d"" - Google News","Fri, 30 Jan 2026 12:00:00 GMT",https://news.google.com/rss/articles/CBMilgFBVV95cUxNaEVOREQ1eUlnRzZ1cFpQSUVfNjFWUzg4TTJNQ1dCZmVGb1NYeS1PUDlwTDZVbk9ULXQ5T1JiekFramNwOFdlWGtMYWxzblVPRXRwaHBJT2p2UFhDdWJVNWdOcEd3S2R1RVhvXzlkcktaWEE1M3U4Z01JS3RLN1l5MXQ2T2lScXFVVkdkSFZnZTFqWmRGakE?oc=5
Heavy Haul Rail launches as CMA CGM completes Freightliner acquisition - Railway Gazette International,"""acquisition when:2d"" - Google News","Fri, 30 Jan 2026 09:34:01 GMT",https://news.google.com/rss/articles/CBMiugFBVV95cUxOQ3Y2aDZVNi1RVTNJQTZ5bFQxSWwyWERWWlZwcWFNbC1rMzk3NHBrbGw5WFRUZTRqeVB6SzZ6Z19EaHltdTJveS12b2xqeU1jSXVHR1MtbTg5VFRfUExiRDNOLVFmbUdWMlg4UzBTUXBDQ0JDUUxKNlNzdllGc3pxclN4eUxxTWk4WklHWlVSdXIySE9ZRG9HN3BucE1zTDdVWUpnbGRZWmtUYnFOUklFRHVFb3NjWWZ6UkE?oc=5
Anfield Tweaks Its Credit Deal To Clear A New Acquisition - Finimize,"""acquisition when:2d"" - Google News","Fri, 30 Jan 2026 12:05:25 GMT",https://news.google.com/rss/articles/CBMijwFBVV95cUxQYnA3VHp1UEpNVVp0Nk9VcHB0NWlRTlNjVVJnVXl0UXdMQTd0WTZydmtTMXk5eU13U1hKcklFb2FGRFFCR0t4ZVJoM01pTUxjWUxtc1lkZXItaGpwU1Z4azBwV0lCWU9jV29YVnowMVRtWGQ3Vkl0WXVaSE9wUVYtOXp0LUo5OWMwOE9JZEs0UQ?oc=5
Report claims Concord is an acquisition target for BMG - Music Ally,"""acquisition when:2d"" - Google News","Fri, 30 Jan 2026 12:38:12 GMT",https://news.google.com/rss/articles/CBMikgFBVV95cUxOSjItLVU5QzRwTEQxZklzLUhSNzNUT1BzYkpDZTEzdnd3ZTNNNXNURU8ycW80aC1RTUZkb3J5algzcDFLeE1McVA2a3RyY1ZpMG53MmJ5clRGaF9nbDlpX0pYQUJoakpLYUhjRDZIZzNTemJoMS12Zk9uNkdzeWRINWs5SW02cTN0TkUxQVlQdERCQQ?oc=5
Acquisition: Dgtgroup Builds €50m Integrator - invidis.com,"""acquisition when:2d"" - Google News","Fri, 30 Jan 2026 04:14:47 GMT",https://news.google.com/rss/articles/CBMigwFBVV95cUxNQjdYOEdpVlBfTVFZcXI2V2JMMEx2OUliS2Z1UFNSRF83NFNNc0x5ZVoyQXNEY3pRVmxIWV9icmNkV0w2X2lERW1QRHpHejVCcG9aRkxQRHZ0OExzWWlVdGFrWVdwTjlLWm9EU3BTcGptdDZZcE5QalpjS2FGOU92UGgxMA?oc=5
Europa Metals To Withdraw From AIM After Acquisition Failures - Law360,"""acquisition when:2d"" - Google News","Fri, 30 Jan 2026 12:40:00 GMT",https://news.google.com/rss/articles/CBMiowFBVV95cUxPaGRpQTczU0IzenVDaHJuX0c2UVVoakE3R2h2QnlwdHJvV2NZMVJLaE92VW13cUQyYXhzRWlZRU0yS3RLRXhXQUhvQjEwTGJzMzVsQVVHS3ZDZE5sYXpfVnY1alhhRzZsSF9qY3lDeGNFYjJTZ0tnZ0VZa2xRWlVBMXluSkxZTVpLeG1UN1BGRlVoRmRUN185V3MwbzlpYnEweHpn0gFWQVVfeXFMT3BnODc1T251QkN4SVZJTlFWYXl4VF91YVRGejRJWm9USFE5NXp2dmRQV25TMUlBYzQwVFA2MDZoajhkYm14LW5jbjBKY1ZzcU9pT1F3T1E?oc=5
Apple buys Israeli start-up Q.AI for close to $2bn in race to build AI devices - Financial Times,"""acquisition when:2d"" - Google News","Thu, 29 Jan 2026 17:32:13 GMT",https://news.google.com/rss/articles/CBMicEFVX3lxTE9BQVgzYmdzQWtRaG9MT05sZFFlTENwNFk2OWhPazhMN0xnLUh0SzdJQUJGRTRmV05neU8zUW1oYmlfdnhpUjQ5SGhndE9HOVA5MmUwazI0dVhPTExDV2ZwV3VOUmpsNXJSOUl3TWRpMkg?oc=5
Jerome Tang's buyout with Kansas State basketball would set a record - cjonline.com,"""buyout when:2d"" - Google News","Fri, 30 Jan 2026 09:04:00 GMT",https://news.google.com/rss/articles/CBMi3AFBVV95cUxNeVl4ODdZOF9kNzlpbGNXbXQ2M3I5RDJkdDZ2OVBkeHo5V01vNGxMZ2dyZ1AxRXQyODRWSEtvWVJGYzVvaGV6RFU2Z1BaLTRFZ3JGS253U09tR2p5NzlHM1VRRTVUVlBESVV0bEo1WEFKTklxcVFCbUMzeTFNRVJzaXN1Y2lIWGtSd1F5QmZvdzdfQXhVdTdudVZ2UThSNXdDT29ZakNzckMzQjI1aWlZTVJYdk5UTVVnenlaSWZUU3VpWldwbE1aM3BBUDJoLWV1YWZ0bW5Ob2tMY1VL?oc=5
BOE votes to buy out former superintendent’s contract - wsaz.com,"""buyout when:2d"" - Google News","Fri, 30 Jan 2026 05:12:00 GMT",https://news.google.com/rss/articles/CBMiiAFBVV95cUxOOXlVUFNVOTJvS3hSbnhhSU9QdEtiUE14YzdoODVJUWVaUnFfQ1lzd0l0OVlfNGJkMk5FeXp0MndoT1pZcDJPT1A5RlBheUw3TXhGaThjaHZVVEZuRGJnUzA4eHFHdllCdnNnYWd3WXdNbmFBdzU1Y2htVEFjY0xMUVZ6aTBwSjhZ0gGcAUFVX3lxTE5PS2NhTzluaEdxS0QwTUtCaFRfZDB6cTJHQlRTNGxOTERjenFwbTBJcWd0NFJHMU5CYTFuanpzaWsxcDZpak1VcmVkQXkzeVVSejFDN0NuRUFQSjNNTVlVRzRXWFBtWWpneHpmNmlkMFliMEtucE1SRGxxWjdYUUR6ZVlyMFpjRlRHMXllZkpzN2MxQThDcFY2UmZRZA?oc=5
Lockheed Martin transfers $943 million in new pension buyout while lawsuit remains pending - Pensions & Investments,"""buyout when:2d"" - Google News","Thu, 29 Jan 2026 17:10:00 GMT",https://news.google.com/rss/articles/CBMiwwFBVV95cUxQVGY5Q1RxcmtkM2l0UFdPUENVd2I2NnFDTl9GUHY1UlNOdmE4Y253bnhNTUZZdzZnY0FBSWRwdWZZMkFENVN6WGlVTmhtR3BSRXZTMHRCM0ZVYWJsd3kybk9vTE53VW8zNW5Ec2N0YndDcndfUHF4d182UjBOMGpYbDlrUlo0alpFeGFxSGRhVk5kbkpONFVpSjJ6SnVsQ0dUbE53Wl9CRDVYaEJaaDRuZjIxUEg1TXQ1VGRsaS1fSk1wVHM?oc=5
Juneau Assembly asks View Drive residents to help pay for their own buyout after years of outburst flooding - ktoo.org,"""buyout when:2d"" - Google News","Fri, 30 Jan 2026 02:44:49 GMT",https://news.google.com/rss/articles/CBMi1wFBVV95cUxOUGJsSEtsZUFVSFdQbUFKX3QzLTVmXzZkX3lYOTdJdGFGQm0ycXdOWmtOXy1SdHlYQW1Zd2IzVzdnODZ3bGJBVFd3Zl95VHRwZGV3U250a2JqZmttTzcxM2R0QjZhU0F0dHR6bUVwbzF0SWszbi0wWDVHRXByVTRVWUh3NkpJNkpDMldSbU9ZcE9hZEtEN3RhX3Z0anlLSDV3X3B0YjBiUkNZVl94cUZFdHVYUkxWcDlINWpwbzc1MXQ2R2lpaFYxNUZMbmpLc1d5QXZVMjlkNA?oc=5
Clemson Immediately Raise 8-Figures as Dabo Swinney Teases Triggering $60M Buyout - AOL.com,"""buyout when:2d"" - Google News","Fri, 30 Jan 2026 12:17:33 GMT",https://news.google.com/rss/articles/CBMihgFBVV95cUxOcjRjS2NfWElTZnR3Z2htbkJjWnpKRzBUTjE4REpqUm5kcUsyTDlDRnNHWmJCeXFpTjZBZUhhQjBQdWVBaER1bXJzUUZrYm9IWUFISmotdjBRelQ1cnNBSW5sVVl4LWMwMlVQSmJuSzRZU1h5VVc4Szg5cnFwNmwtSGV5dnZYQQ?oc=5
"I-Net’s 3,000,000-To-1 Share Rollup Sets Up A Buyout - Finimize","""buyout when:2d"" - Google News","Fri, 30 Jan 2026 06:51:50 GMT",https://news.google.com/rss/articles/CBMihAFBVV95cUxNRE5RajRqYXJQZGJMeTR1UWktaGw5N3hFcVBuOHc5dXZldENYZG93LTFqUkl2VlVzNnI2cFBtQjBTcVVZcUR4VXBmTUhWWl9jVUM5eHVOTm1WeWFSUXB0dXB2SXQyZTlZTEU2SEcwbzVWRGVZS3V2X0pSZndSTUFzdWhCeXI?oc=5
RVMD stock tumbles as MRK reportedly withdraws buyout offer - MSN,"""buyout when:2d"" - Google News","Thu, 29 Jan 2026 19:41:28 GMT",https://news.google.com/rss/articles/CBMixAJBVV95cUxQRVUzd0hwTG9KZUZhamVFdkMzRDRZc0ExS25uVVEtTktyWlRTSUlzdzlqNmlET3JWWFFfaUo2RmRDUC1RbTN4YlRYNzBhZjBkUjdCRGxweE53ZDNBM0pkVllWcnRpS1F3TzdGZWNrYzlPNzJFNlE3QlB1R0JGVGZNWFBMdWZrSUE1VlBGN2N4dUcxT2VMamg0VkJFNWl6WUZyZUcxZ3pjMzlpYllJc3IxcG5RY3ZHU2FNbWh0Mk1leGxhMmpJalY4SlY0WE9ZaVdENEZ0UVlPWF9PNzgzN1lpYXllMUxwUEdmNVJ1WXF5S0NPQkZUX1VLcFpQdjRKbGdiT1diSXAyZzhGWWhkV0toS0FFbjlrblFIVUJ2WGpXZXpSMVVHUVA0V0FoQXgxTkZpREFxaU9kTTZLMlp3THU4UzZtNmI?oc=5
Avant Gardner Creditors Withdraw Support for Axar Capital’s $110 Million Buyout of Brooklyn Mirage - EDMTunes,"""buyout when:2d"" - Google News","Thu, 29 Jan 2026 21:45:20 GMT",https://news.google.com/rss/articles/CBMiygFBVV95cUxOeWNWRzJfbFQzdGRBWFFlS0ZPbFB5RGh4YVZLTjV6OVN0ZU0yOVhDTkY5emxPLTVtUlN6cWdWako2M2xPcHpvZndqWklpZHpRdms5N002SXp0bHlsc1V4N1V4bWpSRF9iM3FhYV9melNGUUxReC1BN2p0RzZERjh0QUFuOVFLTWhYWVRaWGhseUpuR2tqTmJsSzVpREdsZkpKQ3kwM2p5d1JlMk1RSDVyQVVzd2Y3d0E4MDRDYnZ5QUptWDN4RGtzOC1R?oc=5
CBS News offering some ‘Evening News’ staffers buyouts - NewscastStudio,"""buyout when:2d"" - Google News","Thu, 29 Jan 2026 21:04:34 GMT",https://news.google.com/rss/articles/CBMie0FVX3lxTE5PdE5aSnJkU1d4YjVrczVGLXFyS3ZhbHpkR1lzWVBjQUdQNjZxYlVSXzJFN3NhSEJ0UjdkWElQNFdRbC1qVTRQR0NLSlRqWllYMGNfM3BEbUdhajR5UUJGNGtEZ1J2blEzcDM0SEZxYUZCcnFhcHRLZ2xPVQ?oc=5
"Blue Jays run helps boost Rogers' profit, company eyes buyout of remaining MLSE stake - townandcountrytoday.com","""buyout when:2d"" - Google News","Thu, 29 Jan 2026 21:04:30 GMT",https://news.google.com/rss/articles/CBMi0AFBVV95cUxOanpEOHk5bmV0Tnc3WUpmcXV4OEVDVmZaQ2ZLNzBYVUk3RGIxc05JaUlPQWhtcDVYOWRGQVpqNzZXSnh1Y05TMFVPWmx4Yk1qQzRheXM5VlBBemsweXgzTEpsdTNZU2x0ZF9FMS1sTXNXYXdUMFh2MlZxZ2QyVC1JenlITlFqLVNzOFNHd1k0cW9vUHZzanBfYnM1OGNXd21tcU5UMFBmWDhMVFFhbDdsV3A1b0RjQko4VGdGUllUX2RFQW40a2RBcWdKMm1ncmJ2?oc=5
BOE Votes to Buyout Former Superintendent's Contract - wsaz.com,"""buyout when:2d"" - Google News","Fri, 30 Jan 2026 04:53:00 GMT",https://news.google.com/rss/articles/CBMikAFBVV95cUxPZm51eTlMTWhXcFBibENjM0puZjhrdjVNaUl5ZXlPOUpXVzNhNV9NUXNnSTRLSG5QbHBhd3pHbWw5d2dQZ003OTMzaENsV2NfY2JTRXpjdFNJbFlSb0ZxaUdMZEh2dUM4dmVYbzZjaE5hamYwdmpEeTlPNFg0aE5iYlVkMXRrOGd4S01CREFqemI?oc=5
"School board approves buyout of former superintendent’s contract, swears in new members - wsaz.com","""buyout when:2d"" - Google News","Thu, 29 Jan 2026 22:17:00 GMT",https://news.google.com/rss/articles/CBMie0FVX3lxTFBka01USUJ2eDVZa2lNX0p3MFVabFdqR19TRWpHQW1oOEtCaFNTOXMyeTdyUWhaaVNRaW5mWHNhOG45OWlSYmswdjNtRngxR2FWaEFUSGU4TGRWOFRfV3B1eWp1cDBvTXpITGQzSzJ2aFl4UEtraDVKYU1qVdIBjwFBVV95cUxOY21GTVVrZWttRnFWVlNlVW5iLVppSmR0eTI1dXN1QVYzZmUyejZyVFBTX1E0alBHdTdRek1QNWg0SkprbXFvbkU5eFdJR2RXNG42dTNmUFoyYTBoYlpmNWxCQks4TFFqbVNGczFVUlBta0lfbGxFem5BbzdIeUZUMWNKQnMwczZwaHdvVURvdw?oc=5
Board to vote again on superintendent buyout - wsaz.com,"""buyout when:2d"" - Google News","Thu, 29 Jan 2026 22:17:00 GMT",https://news.google.com/rss/articles/CBMigwFBVV95cUxPeEUtR2Z4cmM5QUVYbDZueFdPZy1zT1ZyZU9BYlVLaG5OZVZuamdIWnBneS0wbFgtVkZDdWxvMFZwVXQ1OG9SX2V1TFNCY3lUbk1pY1BCY1ZfUlhLVGZVX1lKZEoyNEh0NjFlV3MxVm5hMmpQQXd5U0p2VWRSdGxaRTI2QQ?oc=5
High-quality buyout pricing holds firm in the secondary market —Campbell Lutyens - SecondaryLink,"""buyout when:2d"" - Google News","Thu, 29 Jan 2026 16:51:45 GMT",https://news.google.com/rss/articles/CBMi0AFBVV95cUxQUkhfUU5NdTZ5alRYbDJIaFNmeUdSWlBFbjVGV3J0d1NRLWloMGM3VkJYQ2U5QTBCSnZheTdlTnZkTHpJQjNZdU12ajVpYlZFc1dXYjRNWk50X3pfbUxDd204T1hsM0pxdUhVa2ZjbURNcVhtQTVEUUYxbE5zOENuRlhtMFBILTRNQmxFTm1DRlhpeGZnR0p2X1VYeFBVRXBCNHhJa1BTYy1TOXl4UGlJN1ctZ2E4aml0WlI5N1pZSGV6eUU4TFNPay1fdUpWc0lE?oc=5
Beyond the Buyout: Private equity sees a match-winner in Indian sports - DealStreetAsia,"""buyout when:2d"" - Google News","Fri, 30 Jan 2026 02:32:16 GMT",https://news.google.com/rss/articles/CBMigwFBVV95cUxQMldOV0I3clZOVi1yN2dUNlUwcElLV3R6SlA1MVpZU2VhTVRGMFNIdml4T3UzVWc5ZmE1WE92SDhOOTljUjRXMkpJQlJwNmUyQW11dDRUMDNrVWVxelRNclBaa1ZkdUhEYlhQcDB1UU1MWTY5cUFMdEdtbkMzSjdGT3VFdw?oc=5
I-NET Corp. to Delist from TSE Prime via Extreme Share Consolidation and Buyout - TipRanks,"""buyout when:2d"" - Google News","Fri, 30 Jan 2026 04:27:48 GMT",https://news.google.com/rss/articles/CBMiygFBVV95cUxPTkJRVnpkSWZTX1BUUU5lb2NLV0l0QmtyRVBXQnlFY2liaDJfWEFxUWJ5Qm9KVElIeTB4cV9WdGxQRUNtS0tQLVoyMjBxOWN4NzJTZHREaGVFVDB2VXEtc0hKWlVvMmFOR3VMbGN5NWUyVUpWalMyOHZPQ3UzNV9uMk5SMHN3NThkV3NBVmY1Wl93X0FSWWdub08wM0gwbVU2a1JiUThIWVVwSzBTZU1rLVoyQVVSWUhoYTFhbVh5eDYwNEpuMHA0Q0JB?oc=5
Totvs buyout of Linx cleared by CADE - MLex,"""buyout when:2d"" - Google News","Thu, 29 Jan 2026 15:48:00 GMT",https://news.google.com/rss/articles/CBMiogFBVV95cUxNcXpyc1ZxSktyajJlcjlNVV9HMlBKVHlWOHVWYjZjZHpRcW5VRnYyX05Ja3F5djRjMU5FcFBJM2daSFd5LWw5ZEowUTlpVDRNdU1FMGkxRUtXVzhDSkhKRkpMWHg0eThWLWs0M05MQlc4eHZ0bXJpTzFqRTVIOV9kVURVWGVlUzY2ODNMdFVxbS1zZWQxWG5XYnNGN1FabGhNanfSAVpBVV95cUxPdG5FT21wSlRpZUVtdjlHakN4cWVpT2E0X3JMXzJjcUtpbXA2SWRFc2VNWE0zOGNfSnRsN1FzMXpQa2pSRGtmUzRGbUh4RzlwanY1LWJOc09HT1E?oc=5
"Bobby Hurley buyout, contract details as Arizona State Sun Devils coach - Sporting News","""buyout when:2d"" - Google News","Thu, 29 Jan 2026 16:17:46 GMT",https://news.google.com/rss/articles/CBMi3gFBVV95cUxOYU45Z29na3hCWHZydWVMSkJsV0N6U0lWQ0FLaWdRZklVQjAyVGNnRElvNUVUQzF5QTkzemtDaENzY19BQWNJOTM0bS1ZNG9DNW55YmprZkNGRHc5UG9xYXZLZkx3c2d2UGN5SXZrMU1EclI1WlA4QjZzT19MSWsxSFphNEhfYWNYNnAzOXY2aUFhRmc5aDNBc2VvZ0NWOWMyQmFTdG0yOV9EYUFTRjl2V1FMVTFKOFZyTElsdnpZQmc3OW1PX21zdG5NRGkwRFVnWHhsUHZRYTdYdFhOTmc?oc=5
NYSE Content Advisory: Pre-Market Update + Cast of HBO's 'Industry' Rang Thursday's Closing Bell,,"Fri, 30 Jan 2026 13:55:00 +0000",https://www.prnewswire.com/news-releases/nyse-content-advisory-pre-market-update--cast-of-hbos-industry-rang-thursdays-closing-bell-302675071.html
STEAM Education Icon Challenge Island® Earns Spot on Entrepreneur Magazine's Prestigious Franchise 500® for the Ninth Consecutive Year,,"Fri, 30 Jan 2026 13:51:00 +0000",https://www.prnewswire.com/news-releases/steam-education-icon-challenge-island-earns-spot-on-entrepreneur-magazines-prestigious-franchise-500-for-the-ninth-consecutive-year-302674648.html
VolitionRx Limited Announces the Preparation of Reimbursement Submission for its Nu.Q® Cancer Assays,,"Fri, 30 Jan 2026 13:50:00 +0000",https://www.prnewswire.com/news-releases/volitionrx-limited-announces-the-preparation-of-reimbursement-submission-for-its-nuq-cancer-assays-302675011.html
"BRIDOR Continues Expansion in the U.S., Invests $200 Million to Double Production Capacity at its Vineland, New Jersey Baking Site",,"Fri, 30 Jan 2026 13:49:00 +0000",https://www.prnewswire.com/news-releases/bridor-continues-expansion-in-the-us-invests-200-million-to-double-production-capacity-at-its-vineland-new-jersey-baking-site-302674651.html
Cybernetix Ventures announces fourth annual Robotics Invest and second annual Robotics Tech Week,,"Fri, 30 Jan 2026 13:45:00 +0000",https://www.prnewswire.com/news-releases/cybernetix-ventures-announces-fourth-annual-robotics-invest-and-second-annual-robotics-tech-week-302674584.html
Chung-Ang University Scientists Generate Electricity Using Tesla Turbine-Inspired Structure,,"Fri, 30 Jan 2026 13:43:00 +0000",https://www.prnewswire.com/news-releases/chung-ang-university-scientists-generate-electricity-using-tesla-turbine-inspired-structure-302674646.html
Incheon National University Researchers Uncover Hidden Toxin Risks During Nutrient-Starved Algal Blooms,,"Fri, 30 Jan 2026 13:42:00 +0000",https://www.prnewswire.com/news-releases/incheon-national-university-researchers-uncover-hidden-toxin-risks-during-nutrient-starved-algal-blooms-302674020.html
FlashLabs Launches SuperAgent -- A 24/7 AI Revenue Worker That Runs Revenue Operations End-to-End,,"Fri, 30 Jan 2026 13:42:00 +0000",https://www.prnewswire.com/news-releases/flashlabs-launches-superagent--a-247-ai-revenue-worker-that-runs-revenue-operations-end-to-end-302674634.html
"DEADLINE ALERT: Faruqi &amp; Faruqi, LLP Investigates Claims on Behalf of Investors of BellRing Brands",,"Fri, 30 Jan 2026 13:42:00 +0000",https://www.prnewswire.com/news-releases/deadline-alert-faruqi--faruqi-llp-investigates-claims-on-behalf-of-investors-of-bellring-brands-302673761.html
Lyric Health Appoints Bill Schmitt as Chief Growth Officer to Accelerate AI-Powered Virtual Care Growth,,"Fri, 30 Jan 2026 13:40:00 +0000",https://www.prnewswire.com/news-releases/lyric-health-appoints-bill-schmitt-as-chief-growth-officer-to-accelerate-ai-powered-virtual-care-growth-302674636.html
Incheon National University Develop Novel Eco-Friendly High-Performance Gas Sensors,,"Fri, 30 Jan 2026 13:38:00 +0000",https://www.prnewswire.com/news-releases/incheon-national-university-develop-novel-eco-friendly-high-performance-gas-sensors-302674030.html
MAXISIQ Awarded Position on Missile Defense Agency SHIELD IDIQ,,"Fri, 30 Jan 2026 13:34:00 +0000",https://www.prnewswire.com/news-releases/maxisiq-awarded-position-on-missile-defense-agency-shield-idiq-302674629.html
VetsinTech Launches 'Vets in Space' at Historic Aviation Site,,"Fri, 30 Jan 2026 13:33:00 +0000",https://www.prnewswire.com/news-releases/vetsintech-launches-vets-in-space-at-historic-aviation-site-302675065.html
"Local Small Business Owner Opens Pak Mail Inside of His Existing Accounting Business in Springville, Alabama--Offering Shipping and Office Services",,"Fri, 30 Jan 2026 13:32:00 +0000",https://www.prnewswire.com/news-releases/local-small-business-owner-opens-pak-mail-inside-of-his-existing-accounting-business-in-springville-alabamaoffering-shipping-and-office-services-302674622.html
24HR Sliding Door Repair Launches Franchise Expansion Amid Booming Home Repair Market,,"Fri, 30 Jan 2026 13:32:00 +0000",https://www.prnewswire.com/news-releases/24hr-sliding-door-repair-launches-franchise-expansion-amid-booming-home-repair-market-302674625.html
New Handbook Addresses Critical Gap in Physician Career Transition Support,,"Fri, 30 Jan 2026 13:31:00 +0000",https://www.prnewswire.com/news-releases/new-handbook-addresses-critical-gap-in-physician-career-transition-support-302674616.html
Tiger Group Now Accepting Bids in Multistate Truck and Tractor Liquidation Sale Closing on Feb. 3,,"Fri, 30 Jan 2026 13:31:00 +0000",https://www.prnewswire.com/news-releases/tiger-group-now-accepting-bids-in-multistate-truck-and-tractor-liquidation-sale-closing-on-feb-3-302675061.html
Greenberg Traurig Litigators Prevail for Dale Swanberg as SEC Dismisses Civil Securities Fraud Charges,,"Fri, 30 Jan 2026 13:30:00 +0000",https://www.prnewswire.com/news-releases/greenberg-traurig-litigators-prevail-for-dale-swanberg-as-sec-dismisses-civil-securities-fraud-charges-302674848.html
OceanPal Inc. Announces Engagement of CBIZ CPAs P.C. as New Independent Registered Public Accounting Firm,,"Fri, 30 Jan 2026 13:30:00 +0000",https://www.prnewswire.com/news-releases/oceanpal-inc-announces-engagement-of-cbiz-cpas-pc-as-new-independent-registered-public-accounting-firm-302675043.html
XTI Aerospace Expands Drone Nerds LiDAR Portfolio with Freefly Systems FLUX Series,,"Fri, 30 Jan 2026 13:30:00 +0000",https://www.prnewswire.com/news-releases/xti-aerospace-expands-drone-nerds-lidar-portfolio-with-freefly-systems-flux-series-302675053.html
Forum Energy Technologies Announces Timing of Fourth Quarter and Full Year 2025 Earnings Conference Call,Business Wire Advisory/Reminder News,"Fri, 30 Jan 2026 13:30:00 UT",http://www.businesswire.com/news/home/20260126126972/en/Forum-Energy-Technologies-Announces-Timing-of-Fourth-Quarter-and-Full-Year-2025-Earnings-Conference-Call/?feedref=JjAwJuNHiystnCoBq_hl-SPFJfID-pbHRL5rJiXBiVXA5iVZRovl-KiT8JIL-Zuae3KWq9s9jif-UkBjBsFRyYAbRTSLTc1mgvhPlnaBA55M-oupQnbXnhKsYk8RmHF_OvEIYE_LbbQPYbHnujfSSg==
Philip Morris International to Host Webcast of 2025 Fourth-Quarter and Full-Year Results,Business Wire Advisory/Reminder News,"Fri, 30 Jan 2026 13:00:00 UT",http://www.businesswire.com/news/home/20260130069518/en/Philip-Morris-International-to-Host-Webcast-of-2025-Fourth-Quarter-and-Full-Year-Results/?feedref=JjAwJuNHiystnCoBq_hl-SPFJfID-pbHRL5rJiXBiVXA5iVZRovl-KiT8JIL-Zuae3KWq9s9jif-UkBjBsFRyYAbRTSLTc1mgvhPlnaBA55M-oupQnbXnhKsYk8RmHF_OvEIYE_LbbQPYbHnujfSSg==
"SmartStop Self Storage REIT Announces the Date of Its Fourth Quarter 2025 Earnings Release, Conference Call and Webcast",Business Wire Advisory/Reminder News,"Fri, 30 Jan 2026 13:00:00 UT",http://www.businesswire.com/news/home/20260130898317/en/SmartStop-Self-Storage-REIT-Announces-the-Date-of-Its-Fourth-Quarter-2025-Earnings-Release-Conference-Call-and-Webcast/?feedref=JjAwJuNHiystnCoBq_hl-SPFJfID-pbHRL5rJiXBiVXA5iVZRovl-KiT8JIL-Zuae3KWq9s9jif-UkBjBsFRyYAbRTSLTc1mgvhPlnaBA55M-oupQnbXnhKsYk8RmHF_OvEIYE_LbbQPYbHnujfSSg==
FLUX Celebrates its First Decade of Trans Empowerment,Business Wire Advisory/Reminder News,"Thu, 29 Jan 2026 23:25:00 UT",http://www.businesswire.com/news/home/20260129020910/en/FLUX-Celebrates-its-First-Decade-of-Trans-Empowerment/?feedref=JjAwJuNHiystnCoBq_hl-SPFJfID-pbHRL5rJiXBiVXA5iVZRovl-KiT8JIL-Zuae3KWq9s9jif-UkBjBsFRyYAbRTSLTc1mgvhPlnaBA55M-oupQnbXnhKsYk8RmHF_OvEIYE_LbbQPYbHnujfSSg==
"Goldman Sachs BDC, Inc. Schedules Earnings Release and Conference Call to Announce Fourth Quarter and Fiscal Year Ended 2025 Results",Business Wire Advisory/Reminder News,"Thu, 29 Jan 2026 22:12:00 UT",http://www.businesswire.com/news/home/20260129503765/en/Goldman-Sachs-BDC-Inc.-Schedules-Earnings-Release-and-Conference-Call-to-Announce-Fourth-Quarter-and-Fiscal-Year-Ended-2025-Results/?feedref=JjAwJuNHiystnCoBq_hl-SPFJfID-pbHRL5rJiXBiVXA5iVZRovl-KiT8JIL-Zuae3KWq9s9jif-UkBjBsFRyYAbRTSLTc1mgvhPlnaBA55M-oupQnbXnhKsYk8RmHF_OvEIYE_LbbQPYbHnujfSSg==
HNI Corporation Fourth Quarter and Fiscal Year End 2025 Results Conference Call,Business Wire Advisory/Reminder News,"Thu, 29 Jan 2026 22:00:00 UT",http://www.businesswire.com/news/home/20260129172782/en/HNI-Corporation-Fourth-Quarter-and-Fiscal-Year-End-2025-Results-Conference-Call/?feedref=JjAwJuNHiystnCoBq_hl-SPFJfID-pbHRL5rJiXBiVXA5iVZRovl-KiT8JIL-Zuae3KWq9s9jif-UkBjBsFRyYAbRTSLTc1mgvhPlnaBA55M-oupQnbXnhKsYk8RmHF_OvEIYE_LbbQPYbHnujfSSg==
Bright Horizons Family Solutions Announces Date of Fourth Quarter 2025 Earnings Release and Conference Call,Business Wire Advisory/Reminder News,"Thu, 29 Jan 2026 21:45:00 UT",http://www.businesswire.com/news/home/20260129228874/en/Bright-Horizons-Family-Solutions-Announces-Date-of-Fourth-Quarter-2025-Earnings-Release-and-Conference-Call/?feedref=JjAwJuNHiystnCoBq_hl-SPFJfID-pbHRL5rJiXBiVXA5iVZRovl-KiT8JIL-Zuae3KWq9s9jif-UkBjBsFRyYAbRTSLTc1mgvhPlnaBA55M-oupQnbXnhKsYk8RmHF_OvEIYE_LbbQPYbHnujfSSg==
"The Estée Lauder Companies to Webcast Discussion of Fiscal 2026 Second Quarter Results on February 5, 2026",Business Wire Advisory/Reminder News,"Thu, 29 Jan 2026 21:45:00 UT",http://www.businesswire.com/news/home/20260129383350/en/The-Est%C3%A9e-Lauder-Companies-to-Webcast-Discussion-of-Fiscal-2026-Second-Quarter-Results-on-February-5-2026/?feedref=JjAwJuNHiystnCoBq_hl-SPFJfID-pbHRL5rJiXBiVXA5iVZRovl-KiT8JIL-Zuae3KWq9s9jif-UkBjBsFRyYAbRTSLTc1mgvhPlnaBA55M-oupQnbXnhKsYk8RmHF_OvEIYE_LbbQPYbHnujfSSg==
"Chime to Announce Fourth Quarter and Full Year 2025 Financial Results on February 25, 2026",Business Wire Advisory/Reminder News,"Thu, 29 Jan 2026 21:30:00 UT",http://www.businesswire.com/news/home/20260129400813/en/Chime-to-Announce-Fourth-Quarter-and-Full-Year-2025-Financial-Results-on-February-25-2026/?feedref=JjAwJuNHiystnCoBq_hl-SPFJfID-pbHRL5rJiXBiVXA5iVZRovl-KiT8JIL-Zuae3KWq9s9jif-UkBjBsFRyYAbRTSLTc1mgvhPlnaBA55M-oupQnbXnhKsYk8RmHF_OvEIYE_LbbQPYbHnujfSSg==
Nordson Corporation Announces Earnings Release and Webcast for First Quarter Fiscal Year 2026,Business Wire Advisory/Reminder News,"Thu, 29 Jan 2026 21:30:00 UT",http://www.businesswire.com/news/home/20260129456990/en/Nordson-Corporation-Announces-Earnings-Release-and-Webcast-for-First-Quarter-Fiscal-Year-2026/?feedref=JjAwJuNHiystnCoBq_hl-SPFJfID-pbHRL5rJiXBiVXA5iVZRovl-KiT8JIL-Zuae3KWq9s9jif-UkBjBsFRyYAbRTSLTc1mgvhPlnaBA55M-oupQnbXnhKsYk8RmHF_OvEIYE_LbbQPYbHnujfSSg==
"Good Times Restaurants to Release Results on February 5, 2026 for the Fiscal 2026 First Quarter Ended December 30, 2025",Business Wire Advisory/Reminder News,"Thu, 29 Jan 2026 21:15:00 UT",http://www.businesswire.com/news/home/20260129251478/en/Good-Times-Restaurants-to-Release-Results-on-February-5-2026-for-the-Fiscal-2026-First-Quarter-Ended-December-30-2025/?feedref=JjAwJuNHiystnCoBq_hl-SPFJfID-pbHRL5rJiXBiVXA5iVZRovl-KiT8JIL-Zuae3KWq9s9jif-UkBjBsFRyYAbRTSLTc1mgvhPlnaBA55M-oupQnbXnhKsYk8RmHF_OvEIYE_LbbQPYbHnujfSSg==
Perdoceo Education Corporation Schedules Fourth Quarter Earnings Conference Call for February 19th,Business Wire Advisory/Reminder News,"Thu, 29 Jan 2026 21:15:00 UT",http://www.businesswire.com/news/home/20260129834076/en/Perdoceo-Education-Corporation-Schedules-Fourth-Quarter-Earnings-Conference-Call-for-February-19th/?feedref=JjAwJuNHiystnCoBq_hl-SPFJfID-pbHRL5rJiXBiVXA5iVZRovl-KiT8JIL-Zuae3KWq9s9jif-UkBjBsFRyYAbRTSLTc1mgvhPlnaBA55M-oupQnbXnhKsYk8RmHF_OvEIYE_LbbQPYbHnujfSSg==
MP Materials Announces Date for Fourth Quarter 2025 Financial Results and Webcast,Business Wire Advisory/Reminder News,"Thu, 29 Jan 2026 21:05:00 UT",http://www.businesswire.com/news/home/20260129010986/en/MP-Materials-Announces-Date-for-Fourth-Quarter-2025-Financial-Results-and-Webcast/?feedref=JjAwJuNHiystnCoBq_hl-SPFJfID-pbHRL5rJiXBiVXA5iVZRovl-KiT8JIL-Zuae3KWq9s9jif-UkBjBsFRyYAbRTSLTc1mgvhPlnaBA55M-oupQnbXnhKsYk8RmHF_OvEIYE_LbbQPYbHnujfSSg==
Fortune Brands Sets Date for Fourth Quarter and Full-Year 2025 Earnings Announcement and Investor Conference Call,Business Wire Advisory/Reminder News,"Thu, 29 Jan 2026 21:05:00 UT",http://www.businesswire.com/news/home/20260129030029/en/Fortune-Brands-Sets-Date-for-Fourth-Quarter-and-Full-Year-2025-Earnings-Announcement-and-Investor-Conference-Call/?feedref=JjAwJuNHiystnCoBq_hl-SPFJfID-pbHRL5rJiXBiVXA5iVZRovl-KiT8JIL-Zuae3KWq9s9jif-UkBjBsFRyYAbRTSLTc1mgvhPlnaBA55M-oupQnbXnhKsYk8RmHF_OvEIYE_LbbQPYbHnujfSSg==
"Guardant Health to Report Fourth Quarter and Full Year 2025 Financial Results on February 19, 2026",Business Wire Advisory/Reminder News,"Thu, 29 Jan 2026 21:05:00 UT",http://www.businesswire.com/news/home/20260129040273/en/Guardant-Health-to-Report-Fourth-Quarter-and-Full-Year-2025-Financial-Results-on-February-19-2026/?feedref=JjAwJuNHiystnCoBq_hl-SPFJfID-pbHRL5rJiXBiVXA5iVZRovl-KiT8JIL-Zuae3KWq9s9jif-UkBjBsFRyYAbRTSLTc1mgvhPlnaBA55M-oupQnbXnhKsYk8RmHF_OvEIYE_LbbQPYbHnujfSSg==
Forward Air Corporation Announces Timing of Fourth Quarter 2025 and Full Year 2025 Earnings Release and Conference Call,Business Wire Advisory/Reminder News,"Thu, 29 Jan 2026 21:05:00 UT",http://www.businesswire.com/news/home/20260129115310/en/Forward-Air-Corporation-Announces-Timing-of-Fourth-Quarter-2025-and-Full-Year-2025-Earnings-Release-and-Conference-Call/?feedref=JjAwJuNHiystnCoBq_hl-SPFJfID-pbHRL5rJiXBiVXA5iVZRovl-KiT8JIL-Zuae3KWq9s9jif-UkBjBsFRyYAbRTSLTc1mgvhPlnaBA55M-oupQnbXnhKsYk8RmHF_OvEIYE_LbbQPYbHnujfSSg==
Griffon Corporation Schedules Conference Call To Discuss First Quarter 2026 Financial Results,Business Wire Advisory/Reminder News,"Thu, 29 Jan 2026 21:05:00 UT",http://www.businesswire.com/news/home/20260129252953/en/Griffon-Corporation-Schedules-Conference-Call-To-Discuss-First-Quarter-2026-Financial-Results/?feedref=JjAwJuNHiystnCoBq_hl-SPFJfID-pbHRL5rJiXBiVXA5iVZRovl-KiT8JIL-Zuae3KWq9s9jif-UkBjBsFRyYAbRTSLTc1mgvhPlnaBA55M-oupQnbXnhKsYk8RmHF_OvEIYE_LbbQPYbHnujfSSg==
"Floor &amp; Decor Holdings, Inc. Announces Fourth Quarter Fiscal 2025 Earnings Conference Call",Business Wire Advisory/Reminder News,"Thu, 29 Jan 2026 21:05:00 UT",http://www.businesswire.com/news/home/20260129511073/en/Floor-Decor-Holdings-Inc.-Announces-Fourth-Quarter-Fiscal-2025-Earnings-Conference-Call/?feedref=JjAwJuNHiystnCoBq_hl-SPFJfID-pbHRL5rJiXBiVXA5iVZRovl-KiT8JIL-Zuae3KWq9s9jif-UkBjBsFRyYAbRTSLTc1mgvhPlnaBA55M-oupQnbXnhKsYk8RmHF_OvEIYE_LbbQPYbHnujfSSg==
"Roku to Announce Fourth Quarter 2025 Financial Results on Feb. 12, 2026",Business Wire Advisory/Reminder News,"Thu, 29 Jan 2026 21:05:00 UT",http://www.businesswire.com/news/home/20260129592818/en/Roku-to-Announce-Fourth-Quarter-2025-Financial-Results-on-Feb.-12-2026/?feedref=JjAwJuNHiystnCoBq_hl-SPFJfID-pbHRL5rJiXBiVXA5iVZRovl-KiT8JIL-Zuae3KWq9s9jif-UkBjBsFRyYAbRTSLTc1mgvhPlnaBA55M-oupQnbXnhKsYk8RmHF_OvEIYE_LbbQPYbHnujfSSg==
"Coincheck Group N.V. to Announce Financial Results for Third Quarter of Year Ending March 31, 2026, on February 12, 2026",Business Wire Advisory/Reminder News,"Thu, 29 Jan 2026 21:05:00 UT",http://www.businesswire.com/news/home/20260129741838/en/Coincheck-Group-N.V.-to-Announce-Financial-Results-for-Third-Quarter-of-Year-Ending-March-31-2026-on-February-12-2026/?feedref=JjAwJuNHiystnCoBq_hl-SPFJfID-pbHRL5rJiXBiVXA5iVZRovl-KiT8JIL-Zuae3KWq9s9jif-UkBjBsFRyYAbRTSLTc1mgvhPlnaBA55M-oupQnbXnhKsYk8RmHF_OvEIYE_LbbQPYbHnujfSSg==
Block to Announce Fourth Quarter 2025 Results,Business Wire Advisory/Reminder News,"Thu, 29 Jan 2026 21:05:00 UT",http://www.businesswire.com/news/home/20260129894116/en/Block-to-Announce-Fourth-Quarter-2025-Results/?feedref=JjAwJuNHiystnCoBq_hl-SPFJfID-pbHRL5rJiXBiVXA5iVZRovl-KiT8JIL-Zuae3KWq9s9jif-UkBjBsFRyYAbRTSLTc1mgvhPlnaBA55M-oupQnbXnhKsYk8RmHF_OvEIYE_LbbQPYbHnujfSSg==
"Perfect Moment Sets Fiscal Q3 2026 Conference Call for Thursday, February 12, 2026, at 8:00 a.m. ET",Business Wire Advisory/Reminder News,"Thu, 29 Jan 2026 21:05:00 UT",http://www.businesswire.com/news/home/20260129945840/en/Perfect-Moment-Sets-Fiscal-Q3-2026-Conference-Call-for-Thursday-February-12-2026-at-800-a.m.-ET/?feedref=JjAwJuNHiystnCoBq_hl-SPFJfID-pbHRL5rJiXBiVXA5iVZRovl-KiT8JIL-Zuae3KWq9s9jif-UkBjBsFRyYAbRTSLTc1mgvhPlnaBA55M-oupQnbXnhKsYk8RmHF_OvEIYE_LbbQPYbHnujfSSg==
Yelp Announces Date of Fourth Quarter and Full Year 2025 Financial Results,Business Wire Advisory/Reminder News,"Thu, 29 Jan 2026 21:05:00 UT",http://www.businesswire.com/news/home/20260129664746/en/Yelp-Announces-Date-of-Fourth-Quarter-and-Full-Year-2025-Financial-Results/?feedref=JjAwJuNHiystnCoBq_hl-SPFJfID-pbHRL5rJiXBiVXA5iVZRovl-KiT8JIL-Zuae3KWq9s9jif-UkBjBsFRyYAbRTSLTc1mgvhPlnaBA55M-oupQnbXnhKsYk8RmHF_OvEIYE_LbbQPYbHnujfSSg==
"Coterra Energy Schedules Fourth-Quarter and Full Year 2025 Results Conference Call for Friday, February 27, 2026",Business Wire Advisory/Reminder News,"Thu, 29 Jan 2026 21:05:00 UT",http://www.businesswire.com/news/home/20260129906424/en/Coterra-Energy-Schedules-Fourth-Quarter-and-Full-Year-2025-Results-Conference-Call-for-Friday-February-27-2026/?feedref=JjAwJuNHiystnCoBq_hl-SPFJfID-pbHRL5rJiXBiVXA5iVZRovl-KiT8JIL-Zuae3KWq9s9jif-UkBjBsFRyYAbRTSLTc1mgvhPlnaBA55M-oupQnbXnhKsYk8RmHF_OvEIYE_LbbQPYbHnujfSSg==
Dropbox to Announce Fourth Quarter and Fiscal 2025 Earnings Results,Business Wire Advisory/Reminder News,"Thu, 29 Jan 2026 21:04:00 UT",http://www.businesswire.com/news/home/20260129193089/en/Dropbox-to-Announce-Fourth-Quarter-and-Fiscal-2025-Earnings-Results/?feedref=JjAwJuNHiystnCoBq_hl-SPFJfID-pbHRL5rJiXBiVXA5iVZRovl-KiT8JIL-Zuae3KWq9s9jif-UkBjBsFRyYAbRTSLTc1mgvhPlnaBA55M-oupQnbXnhKsYk8RmHF_OvEIYE_LbbQPYbHnujfSSg==
Intuit to Announce Second-Quarter Fiscal Year 2026 Results on Feb. 26,Business Wire Advisory/Reminder News,"Thu, 29 Jan 2026 21:00:00 UT",http://www.businesswire.com/news/home/20260129225604/en/Intuit-to-Announce-Second-Quarter-Fiscal-Year-2026-Results-on-Feb.-26/?feedref=JjAwJuNHiystnCoBq_hl-SPFJfID-pbHRL5rJiXBiVXA5iVZRovl-KiT8JIL-Zuae3KWq9s9jif-UkBjBsFRyYAbRTSLTc1mgvhPlnaBA55M-oupQnbXnhKsYk8RmHF_OvEIYE_LbbQPYbHnujfSSg==
"First Solar, Inc. to Announce Fourth Quarter and Full Year 2025 Financial Results and 2026 Financial Guidance on February 24, 2026",Business Wire Advisory/Reminder News,"Thu, 29 Jan 2026 14:05:00 UT",http://www.businesswire.com/news/home/20260129870761/en/First-Solar-Inc.-to-Announce-Fourth-Quarter-and-Full-Year-2025-Financial-Results-and-2026-Financial-Guidance-on-February-24-2026/?feedref=JjAwJuNHiystnCoBq_hl-SPFJfID-pbHRL5rJiXBiVXA5iVZRovl-KiT8JIL-Zuae3KWq9s9jif-UkBjBsFRyYAbRTSLTc1mgvhPlnaBA55M-oupQnbXnhKsYk8RmHF_OvEIYE_LbbQPYbHnujfSSg==
Innovative Aerosystems Announces First Quarter 2026 Results Conference Call and Webcast Date,Business Wire Advisory/Reminder News,"Thu, 29 Jan 2026 14:00:00 UT",http://www.businesswire.com/news/home/20260129719288/en/Innovative-Aerosystems-Announces-First-Quarter-2026-Results-Conference-Call-and-Webcast-Date/?feedref=JjAwJuNHiystnCoBq_hl-SPFJfID-pbHRL5rJiXBiVXA5iVZRovl-KiT8JIL-Zuae3KWq9s9jif-UkBjBsFRyYAbRTSLTc1mgvhPlnaBA55M-oupQnbXnhKsYk8RmHF_OvEIYE_LbbQPYbHnujfSSg==
Private equity is shifting its gaze away from small firms - The Lawyer,"""private equity when:2d"" - Google News","Fri, 30 Jan 2026 08:35:57 GMT",https://news.google.com/rss/articles/CBMijAFBVV95cUxPajNtSGFXcjVuVVpCcDlUZjVtR3VXUFpGRk5pams3QmZBeWdqNW1iYkVBckExNGMyQ0ZiOVpwVk05VUV6UFpnTkI3Z2RlSG5KQ1NLY3RxZE5XZGtjYWNvZFgwckxCa0pha1FMck9NdTFHOFRXaVdoc0Y4bDhrUU00QUpjSmpReWFqRXFBcw?oc=5
"Private equity enters 2026 split between mega-deals and the mid-market, Deloitte survey finds - Private Equity Insights","""private equity when:2d"" - Google News","Fri, 30 Jan 2026 09:59:03 GMT",https://news.google.com/rss/articles/CBMiuAFBVV95cUxOMG1OOVFqYkh5ZTVIMko2a2lkRDViMUNHcmJXaldPRzlvaTVZYkdObUZxSXlXOGVYUjgtNmlhc1A1VnRTVmludVpScHZFbFg3ckgxc3V5NlI0Yzdack9aZHVMZ0tDWDh3UGotS1NBUTBXRl9HTVhiUU94M0xVbF9hNE52UlZjNFJJczNjM2dYaEY2TlZ6RVlaalFLc1ljMkJVYlVMSjgwalBudlkxbGN2c1BYZGY4Rmsw?oc=5
Renewed optimism from private equity after deal activity picks up in final quarter of 2025 - RSM - Insider Media Ltd,"""private equity when:2d"" - Google News","Fri, 30 Jan 2026 06:04:34 GMT",https://news.google.com/rss/articles/CBMi0wFBVV95cUxPMkY4bU5yajJIU052RUROdG9LTVVERWJWOGI3eFRRZFBhRzNZQ01WM3J0U0M4RUJOVnAwTWZfeDJLcklQaW1HcFNZNG9yVUVlTE5RWnNDN0N0R0l5NlpSVHlpNk44TjJvZ21XMjcyNzJoTFVHWXpIYXA2M1ZUdWZWOEtXLXllT0JlZUdVYzAxQXNrRmZhNEpLNnZ2THJRanBOY0swRTlUSHMtVlpyZDc0Q1NidUwxQnMtdkpBVjhtTTk0cXBJUnp1RDVDdWd0WUlROGUw?oc=5
Walgreens Boots Alliance tops largest private equity-backed companies by revenue - S&P Global,"""private equity when:2d"" - Google News","Fri, 30 Jan 2026 12:02:56 GMT",https://news.google.com/rss/articles/CBMi-wFBVV95cUxPRDNYTTBQV050RFVYZVd0QjJXOXRqTHhKb1FzaGdfWGN4Qk1MdWs4eUFvbFBlalcwV0JIUFhOMGx2TkRkRHJZci1HMWtRd3lnRzV2dmUxUnlSMGx5aHVLaVp6c1N2VnhkbkNYa215TDA3RzNQcjFsTUhZb012Yk5pX1FESVFXemlKYk1DYzhCam1MMl9UX2FCZUtjRVRELThhQi1PNDdUVVYxWjRwYmd5UGtaRE02Y0JTSXhVQ3lNcGRPd1FxTi16VTRoN21LOFRJWUhyMWtGUW5Nc0tpaWN2N2tkRS1qRmtSQlZWa0c5a20yYzg2UGR3MnU1QQ?oc=5
"‘Tepid’ private equity fundraising, limited exit activity may be ending - AltAssets Private Equity News","""private equity when:2d"" - Google News","Fri, 30 Jan 2026 09:31:36 GMT",https://news.google.com/rss/articles/CBMirAFBVV95cUxNNDRQY05LUXFpN0JQNmdWc0h2YUVWZnIwWTJHVDd1ZjZVei0xX251dTRpTVhqWGhqaWczVkduMjhfY2RobXMxNVlpU1VGTnpKS3lQRU9pTF84V2FJV0hnWkM3U0hQMnpHRHBteUdPaXFjV1JjMXJiZHVmN3hpS3ZEV3FVZGVLOUZIeGZndGJoT2dEdkJueF9nb3FOS0RpSUNyMHdWNlAxcGQ4YjhX?oc=5
Tellef Thorleifsson steps down as CEO of Norfund - africaprivateequitynews.com,"""private equity when:2d"" - Google News","Fri, 30 Jan 2026 08:32:09 GMT",https://news.google.com/rss/articles/CBMigAFBVV95cUxQU3NYeDFOR0FvNHdZd3QxbVdocGxtaFA1eWhlUVVCWnBaQkhMRHcwNUVFbjhLaFFWbzhYRVFJbXR2c29mQzNxSVE2eXFURHFnLUptd0JOdkNVYmI5OXVKRVlZQVdIQzhRUU11Vm1fQUw1NDhiSlRMZEZ0TU11czQ3Sw?oc=5
Pinewood.AI enters talks over £575m takeover deal as private equity firm lines up potential offer - Car Dealer Magazine,"""private equity when:2d"" - Google News","Fri, 30 Jan 2026 07:59:00 GMT",https://news.google.com/rss/articles/CBMi0AFBVV95cUxQWmFSR2lyU240aWdha011U19YZTNpYnA5b0pBaG0xNGVMOXp5YXZsamhEM05KenlvWlBIYzN5bDNiTEZIdXR4bHVMN0t4ZFhCcHhmUUd5WDNLTWcxaWpTNVJSS3owRW5hNFU1MjdQUy1nSTYteVVRam5EeXZvQmJZUkJydkxrRlI3dzZsU2xlVlN6Sy1TTlB3aUpXTXJnMlh4MTFGTVdoM25iTkxpSVNyenM2VWVNX3dLTXhNbkdpcHQ1STZhaDRMSXB3VGZWZ0tZ?oc=5
Private wealth investors’ risk appetite bodes well for private markets – with some caveats - Private Equity International | PEI,"""private equity when:2d"" - Google News","Thu, 29 Jan 2026 21:22:51 GMT",https://news.google.com/rss/articles/CBMiywFBVV95cUxNVlpxVlJTWTFJNkVNdG5EM1FRYWdSNmRmVHFlWnRTSHA4MklKejZOZkpCamFYZVJ2UzJUdmMwbEt2TjNERFhPYUt5UnlHZ2FSZ29JeXZ4ZnhTeFpPTC1RMHFTWXpwSlZrTEM4VGQyNlVRUHJqSFJocUFJQzE2QXFmWE1nUGdFclVaRnRjRzVRUUdnWkhRQlJYRS1sM2cxanRVU2M1U3BDNnF4WHRsVDZoLTFVcjhjREt4YUlQdDJSUUtNUndOckFiMEVHMA?oc=5
The private equity firms cashing in on Britain’s special needs crisis - The Telegraph,"""private equity when:2d"" - Google News","Fri, 30 Jan 2026 06:00:00 GMT",https://news.google.com/rss/articles/CBMipgFBVV95cUxNQWN1ZzRxNWxGcXlhbEFxNUszNW9ubFF6S0REVjBHTm5HQUR2U0JaWFNqSVhQYTZ1eEdwTlFRekhCN1lUOGF4VmstZlpvbUVLUnBWM1VxQ2lUX3BKZGlKLUktMjhQNnJIVVhNQnVlRk5NaHVEMWxQMkd5M0o1VlpOWXNkS3hrMkRuUnBIMjFMSEt0MGsySnM1dk5OS2o5UUphemtpdlRn?oc=5
Pinewood.AI confirms discussions over potential sale to global private equity firm - Insider Media Ltd,"""private equity when:2d"" - Google News","Fri, 30 Jan 2026 08:08:23 GMT",https://news.google.com/rss/articles/CBMiwwFBVV95cUxQQjlHaTFjcXVZamlEaEE3aFRPQmJVdlVGcjFYWTJGdmRMUks4VU5YSVR1NFN4Q0dkUnREQWpaX2E0YW11dHRqdV94SDZ6bkI1NUl2OTl6WG1LbmlsQzZ2ejhwMi1EUzVQMDNaLW9VRU96T3F2aWVXcWhvaGs2aVVLTGk2OElXUmVhWDQzZnJaWVJsb2ROSkQ0cUh2YklJSHdlSWJTU0tuVHdpOWlHX3BRR3BFczdRNlpFUmFDU3MxZEFyNjg?oc=5
PIDG exits InfraCredit Nigeria - africaprivateequitynews.com,"""private equity when:2d"" - Google News","Fri, 30 Jan 2026 08:59:17 GMT",https://news.google.com/rss/articles/CBMifEFVX3lxTE0taHU3QnJad0xiVXBQd2ZsYVo0ckM0S1BXSmVBVnJDZUdtRWJNcWNVVTdHYkFvSzVhQUxBZUhqd0R3NHJjMDMzVFdIVS1xazZkSkxlSlNFTmlmbEV1X2pDdzg4WnlxWDlyNElXVGctN05hQ2NuWEFCSEZobWI?oc=5
Private equity firm HitecVision open to a shipping comeback - Tradewinds News,"""private equity when:2d"" - Google News","Fri, 30 Jan 2026 07:14:43 GMT",https://news.google.com/rss/articles/CBMitwFBVV95cUxNYzEydm9sdG1QRHRDM1FrODh1NnJVSVg2VWhPZC1Cb2R0Q2lCYzlWQUpEYUVZUlBxQkRXNHoxY0xwczlUd3o1bm9HZU43VkstTFVrazY2R1RmTHJPblJZV0p6RWZIdzEtWGo5VE9zSW0xYUZwTW5NR193bFZYWnlEWV9hWVV2VzVReUpha2daM3dtY0l6czdCN0F6Uk11Njc0emtXVnR0UDBCdDBHQURQZGx2LVJQNWc?oc=5
PwC: Global M&A industry trends - africaprivateequitynews.com,"""private equity when:2d"" - Google News","Fri, 30 Jan 2026 09:58:36 GMT",https://news.google.com/rss/articles/CBMihwFBVV95cUxPVUpVTDlGWGdjckJzX3NLelk5Sk90SjM0bVNTOU1XQjdNOFgzT2VLRW5QT1h3TTVyOERGOHNqck50VGZVbVFDNnZUOFkwWE9yRGxadndIM0RoSDJlSVRnLVVDd3NMdjNwY0dySlFfZTJVTW1hVlRtNWxFMG5NOWhmMU5QN28zOVU?oc=5
Adenia exits Moroccan investment - africaprivateequitynews.com,"""private equity when:2d"" - Google News","Fri, 30 Jan 2026 08:48:00 GMT",https://news.google.com/rss/articles/CBMif0FVX3lxTE11TjhYSG9SR0tMNWlxa0hnYnZDRXN2ck4wSHlsdDkzNHhoOHE0NGpoRjczN3BROG5Fbmh2ZkRaYWYyQjVWSmtOdUdvN2pQajQ1dTlGV1JnbGJKOElRbW41Vjl2d3o1RmJxaGJIU3lxYjdac1gzdHVfbzNVenl5bEU?oc=5
PwC: Global M&A trends in industrials and services - africaprivateequitynews.com,"""private equity when:2d"" - Google News","Fri, 30 Jan 2026 09:53:21 GMT",https://news.google.com/rss/articles/CBMiigFBVV95cUxOUVE2YU1NaEJ3SzgyNFM4WU1CMjJWSUc3MzMwbHkwNHlZbzE1LUs3YzlDWnB3a29ScGl1UlE5d0g2elAtMXMyclA4LVIwQzhscFZzUE9ldTZMbnNTZ2lqYnhraDFqRTVWX2NGVHhLLWEySUJybGx6WUNSUDRGbWZqMzdoWnVTd25zRVE?oc=5
Private capital trends for 2026 - farrer.co.uk,"""private equity when:2d"" - Google News","Thu, 29 Jan 2026 14:43:55 GMT",https://news.google.com/rss/articles/CBMigAFBVV95cUxOblAtb0ZGemtPYndZQkNMRk1jbzdVVEdzRFdfQXVURFhHU3BKQnN5QWFiQy1uUDg3dl9FbmN0SFBCVURKWjFYNklPYW5kZ09wR0hfMkNCd0d3MEpCbWxJMmZoVGczb2F2cDhsOVdlaVVBQjJPVVl5VVRWd0VHc25Gaw?oc=5
India: The Overlooked Growth Story in Global Investing - finews.com,"""private equity when:2d"" - Google News","Fri, 30 Jan 2026 10:49:24 GMT",https://news.google.com/rss/articles/CBMiyAFBVV95cUxNa3I1QjFxT1NmcFdWSjFNWFJTenhEeHp2TG5UN2hPWk5QYWFYZExzcnI3U2NrUnh6ZjdORFFheWxYUktxUjZJWmZxeXMwM0lNaDhpNXlyUDhDQXNZaFB0UUljVkdyMnVlN1VXbGVvTVpHRE1HSVBLN3o3dlY0U19jM1phN25JeE00TGppa3d3dm1veUM4ak9XOGtqREMxSHNXakU1TW1SZDJuTHg1UDZBNGVvYWVENzhVMDhNMDVsMmloZU9VNG5FOQ?oc=5
"2025 in Review, 2026 in Focus: The Next Cycle for Private Equity and M&A - Alvarez & Marsal","""private equity when:2d"" - Google News","Thu, 29 Jan 2026 19:19:07 GMT",https://news.google.com/rss/articles/CBMingFBVV95cUxPN2xNZ1hZdWw0V3EySENzbWdMZmE1Z1ZvdVRCT2hBaTBPa0NRb01rQTN5N0NLNHJ0QWZnRm84M1lkNGZnb2otVUt1NnFmQnJOUmkta3czNmF0MHBBeFExQzBwZE9naHBhcGZWaktMN2YzZWlGOTRCaWhvb2tTWDNQNWN0MzEyNG9RYjlqak1CWVZMYktHQ3ktY3o2a2ViUQ?oc=5
Shayne Krige: Private equity’s hidden litigation risk - Citywire,"""private equity when:2d"" - Google News","Fri, 30 Jan 2026 11:04:17 GMT",https://news.google.com/rss/articles/CBMilAFBVV95cUxQSWtpSDBoM2Z3NlRTT1VWQks0dDVBZFJjanFFcjYyZWdtYy1jdnliVUZBZzlCcWphaUczNmV6MWRTdW0zbkZGbEV2N01tMTUtUzgtUG84VUlMd0FjYzA4SHlibV9xa3lEWmVXTl9GWVhlSXVfT3pvU0VOWXhNeTZhdzdhdXN6NlNVaXZhQVAwZi1LWmtJ?oc=5
Adenia Partners acquires majority stake in Parkville Pharmaceuticals - africaprivateequitynews.com,"""private equity when:2d"" - Google News","Fri, 30 Jan 2026 09:14:22 GMT",https://news.google.com/rss/articles/CBMigAFBVV95cUxPdy0yLVpiS3hsZGZlWUJxQzl6YllHNzFlMndEc0dJZUZJRTdlNWRnaHpCZkM5TnFKa1ljbFR6N05rV2hIdnNWYVg2eUtCazNUbVlpUHkyd1lBRlROSXdRWF9lYXh6cENXTUNMTldRbXo1ajJKU1BYUU9zSE90RDIxcA?oc=5
UK Pension Funds Stock Up On Private Companies - Bloomberg.com,"""private equity when:2d"" - Google News","Fri, 30 Jan 2026 12:45:17 GMT",https://news.google.com/rss/articles/CBMiogFBVV95cUxOZ25HbzFDbUlEM1FRN2ZFbTFZNFNxVGNnenhKVXM4RjFwd0poUDB4cDFoRV9GMFdoWEc1MW5pVHZ6cmU5WGJob05mT0N1Qldvd0ZhSVNZeWpHMGJ0d1ZCcmtubkc3RlNqdnF0a3ZfQUp5WVR0ZktKRFdqX1JndXl4dTFMSEZHM2ptX3Y5WGdtN3kwNmxScm9jNHJNd1d6emkyMlE?oc=5
Grounds for optimism - trustintelligence.co.uk,"""private equity when:2d"" - Google News","Thu, 29 Jan 2026 16:13:46 GMT",https://news.google.com/rss/articles/CBMilAFBVV95cUxOS3RnQm52VUJlVUR3QUkzMDFEeTBhMUFIaS10algtY1JXTXY5a0Z6bC1DS0NLV25oUjFuc3JyNmJqdGd5cm9hNk41aHpZQlVTbnowaUs2MGtQdzRzQjlnTl95Mk5iUkVPdXVoem5DOGxQZ0VQUXZBOVd1VjZPZHNkbmNFTW8tSXFJUjIwdk9JLWYxZUpr?oc=5
"Columbia’s acquisition of Point Blank Distributing and what it means for suppliers, accounts & staff - New School Beer + Cider","""acquisition when:2d"" - Google News","Fri, 30 Jan 2026 12:25:46 GMT",https://news.google.com/rss/articles/CBMieEFVX3lxTE8wdUhqejBfY1RQT0x3dHN5eE1SSTJ3dUhVdjU3NDBBZGhaZ2JZamI2d21DcGZyQmhoWG42d0VrQWtjeXRONEgySl9QRHpqbFN1c3pRZUZOeHplNmpoX3FqTDlmV25lUUhvZm9qNTljTU9nMndYTXFRQw?oc=5
"US Signal Expands Data Center Footprint with Acquisition of New Facility in Aurora, IL, Launches Immediate Capacity and Cloud Investment - Yahoo Finance","""acquisition when:2d"" - Google News","Fri, 30 Jan 2026 13:00:00 GMT",https://news.google.com/rss/articles/CBMigAFBVV95cUxPY21rS08teTFNVmFjMUlfMy1fUGwzZVl4VUNEMmtIM0pibXlwREl6UF85N3pha3BYU19JU1hOWUE4UzhNRWl6VW53dXRuQ1ViM295a1JjcFBXNko4TEgwN0t2QmYtSkJLZm5NWVk0UzdrRVVnYjlLRTZaeDBqSjB1Nw?oc=5
TXP Environmental Announces Acquisition of Diamond Back Landfill - Waste360,"""acquisition when:2d"" - Google News","Fri, 30 Jan 2026 13:52:48 GMT",https://news.google.com/rss/articles/CBMirwFBVV95cUxNRkRwNUtIbVFTdnFTY0JzOGJad1VSZ0pLUlByaV9yRVVzNTR1QXpMeURRUUhDUzBsVlluMmRKZGVkcnpBM1lXR2w3aGMyRk1tNURBbV9TamxFb01kOGFXMlAtRnNOZU5LNHozOU1SdFlDTkZiN0o4cHFEV3hTX3BSd284dVZOMjFCV2Z2T3I4d2lyOW1mLXJsWnc3ODdRbEc3VTRyWDRpTVVnajYzWUlN?oc=5
BKV Corporation Successfully Closes Acquisition of Control Position in BKV-BPP Power Joint Venture - Morningstar,"""acquisition when:2d"" - Google News","Fri, 30 Jan 2026 13:35:00 GMT",https://news.google.com/rss/articles/CBMi8gFBVV95cUxNa0cyVHNNa2JtbzlDdGp4U2tkS21HQWI2VGl5MmlMWTZOTGJKWFpCd3Q1ME1zdVIyOGF2YjVtbm5qWG1qbkgtVTJrRmVGUW9qeE9mdEdlSVJkNnpoOGVybkJXclA4aC02YkVCdWRXejZRSEJBTlVKMlB0amNOeHM0NGJTSmI0OGhBcENadlhvSDBUbGljdklBcXZwMHFEcEVQY3k4QXFkcGwzaFVvZmI5dnFqU19MR2FLS0ZHQ3U0MG9mdVdWQmh5SGxFTXJSM21CVkdTdnlPUGVJbzkxamFkNW5NRFpNUW5TcXhGS3dFTmtlUQ?oc=5
Making the wrong things go faster at the Department of War - DefenseScoop,"""acquisition when:2d"" - Google News","Fri, 30 Jan 2026 13:43:06 GMT",https://news.google.com/rss/articles/CBMiswFBVV95cUxQRDFNVzNXcXNuQXUxUnZXN1hDN3gxQzlnU0dnLUVTZ1Q1RG1GM0Jaay1TZnhlWlBnb0hHWTc2NS1RWVlJVlpiM0d2dTRfZGppMlNFN2otVTR4NFU4OUZVX05ObGpDaVZ4WlcwbDhGUm52RllWV3hweXdyQUhvWlpIZEZBdkxsTmQ5WWVWX0xxX2VTSDB5X3NyWEFCOGxubFY3bm11d1NJT2ZrRHVHUE9qNGdZMA?oc=5
VSE Accelerates Aftermarket Acquisition Spree With PAG Purchase - Aviation Week Network,"""acquisition when:2d"" - Google News","Fri, 30 Jan 2026 10:31:11 GMT",https://news.google.com/rss/articles/CBMiqwFBVV95cUxPeFlvMEVNYndwbkFaeXRwNFB2VVpQZUtkSFJWTnJWblhqVzNNYm45aXpwZWd6M3FxTGc2aXJzUUNDaFJ4cmJYT01GVFU2WmVtRklYOGUxMXdrUEIzQUpZWmJITUVYQjlpc0tNeDJZMUtra2ZfRUxMQXRrRmliaHFFNGtEMUU2WFRaaXFQUnIyNHljZGdIaW1id29wZWVuQm5oOUVNeHdhdzhCcjA?oc=5
Altus Equity Group Expands Footprint with Acquisition of Two Multifamily Communities Totaling - MultifamilyBiz,"""acquisition when:2d"" - Google News","Fri, 30 Jan 2026 08:13:51 GMT",https://news.google.com/rss/articles/CBMimwFBVV95cUxOZFBMUGlualdwVUYzTlpmT2NuZ0hDT0tGZ2lZMDJteG1iandxU0t0ZV9fa0hiZndhMUtnZ3phZnlaM0FlSVZhWUhpYmlyZXdJTG8xYk1aZDd2WTA1VTNva3pCWFFUaHhZN0NId2xBRzhqVGNxeW1YZlBMeUJSZW9ERDBNUGo3dnFDU3FJdTFqSlE5TUlrNUFvYnZ2VQ?oc=5
"TikTok users report glitches, censorship after Oracle acquisition - alaskasnewssource.com","""acquisition when:2d"" - Google News","Fri, 30 Jan 2026 06:59:00 GMT",https://news.google.com/rss/articles/CBMitwFBVV95cUxQWXFkN0FCYUt1LThxV0t6ZVBrOXlQVXQxbF96YUVLbFNFM2QwWFdERmIxMXBHRTVkdHM1MV9nc1lJMldRS2ZVX1VBSXhDeHJvYl96bk1KMnRnVV9QN3JlRG5RZTVBRTlhVUN5NDhnUnAtMjNIREo3REpVMndPSGtQMXZDTFI2X0szNmxsUjNtdXZfZjdOLTRicVBveC1ORnhwR3JzTXA0OU90VDdDcEZlQng3ZHZkQ3M?oc=5
Kimberly-Clark moves forward with Kenvue acquisition following shareholder approval - Tissue Online North America,"""acquisition when:2d"" - Google News","Fri, 30 Jan 2026 12:56:48 GMT",https://news.google.com/rss/articles/CBMivgFBVV95cUxPMGhiNXU5TUx5aG9OdHNpa3F3SG9KOFhQUmIzdU5hTkFzVDJVRWZCZDRVWFFYQ1dyTC1WTV9wQmhtNGx0M2hQNzllUXA0OFBoaHFQckJRazBzZ2RSY2hWRW1KaHY0MXBWT0hUUUU2aGNza3FXRUQ0R3BfajJyVWlNTFpZWGhrZy0wUHVDcEtHWlNUMkpwa29tY1Q1YlZrYmVtMVlXY2ZOTTJYZVZRQ28wLXFsZWFLa3k4bVNBU2VB?oc=5
ACCO Brands Announces the Closing of the EPOS Acquisition - Business Wire,"""acquisition when:2d"" - Google News","Fri, 30 Jan 2026 12:00:00 GMT",https://news.google.com/rss/articles/CBMitAFBVV95cUxOYU5PcVRzYklUbENQRHZmaXVHOHNRd0hfdlhFUV9DbU5lam13R1J4UjhwSzkyaDk3QWdNMzdMazhPTWtWYWdyc1A5NVpwYjJXcG9YMEhjM09CaGxvVllfanJuU2dpb3Z0OU1YaVNmOFNkUkdYVjI3dnVXYmp6TUtSdmpnbGpUalhJclJ2MXJYd0JmX3JLNEFxR3FrRkdQWFUta3dSTnJiNnNwSWxZaEFRX0hSLUE?oc=5
Socket Fiber expands Missouri reach with Fastwyre deal - columbiatribune.com,"""acquisition when:2d"" - Google News","Fri, 30 Jan 2026 09:47:00 GMT",https://news.google.com/rss/articles/CBMi0gFBVV95cUxOSWluNjRhZE9zbU01MXktOWR0WlZxbTFfTUJsYUhnYVBUOW1FV0pzMGxxLTl6VngzNjFTSTZXM05jVTEzdDg0eXpVS3VpOFZNWE1MdlJIZ05kd3BPbTdaeUdaeElLcnJwejRrc2tCcDY1czBfSnFPelZ5Qmw4WkJWSHdTVFRuQjV2SWdBSVJfYUMyeTBSWnhmR2FNYnFqRVBqUjUxbmtyVTd3TVBWQWFNUWRtUS02MHVadTNQXy1fUnNHTW9fajVIanVIWnc5ZllnZUE?oc=5
Lake Superior Acquisition Signs Multiple Material Agreements - TradingView,"""acquisition when:2d"" - Google News","Fri, 30 Jan 2026 11:13:00 GMT",https://news.google.com/rss/articles/CBMivwFBVV95cUxQOXZTTFlJVTNNaEhJaHVXXzdQVDJMZkFjN2JJS09qYnZqMjV3VEtkVk1yQVNqM0Z4OVNkaUcwdk9zVkR0T0hycHFMbTlCSl8zS0ZvcVJyWmlGNEtuSEtGMEhyWDM2bXM4SUpmYldvWk56UzN3ZWlKa0NaX3BuUFZfQjMwZndrUVNpMEtrYi0xNFRid2NxQ1VIZ0FoMXp0VzRQSS1IQjBlc2ZvMkhObDFBTmJQMXQxYl9PaG1ERndETQ?oc=5
Is Evolution’s Galaxy Gaming acquisition in trouble? - NEXT.io,"""acquisition when:2d"" - Google News","Fri, 30 Jan 2026 13:19:40 GMT",https://news.google.com/rss/articles/CBMiigFBVV95cUxOY0RpVXBaVXZwQjZOLXpZTlRxR2prczljRGVNYnk3V2syTGNsSkU4UWFHWnZXd051bE00Ri1hd1VpWjk0UENpSll2OS1JMjdmN1hOVWxIbmZudVNfcFpqLTZ1cFBsY0lDT0k3MXozMUZnWDNhUngyWno4V2dWRnVTTHIyNVBzdjNJMFE?oc=5
C3.ai: Acquisition Will Likely Only Offer Modest Upside (NYSE:AI) - Seeking Alpha,"""acquisition when:2d"" - Google News","Fri, 30 Jan 2026 12:29:04 GMT",https://news.google.com/rss/articles/CBMimgFBVV95cUxPMnpyeVhGYXJyYThDUkJWdUZYX0htSHI2T1NXU2NtOTQzR01HT2JQRXk5S0ZZREI0Ujh2Tk9veTJXVnVwRVFlQnVQV01OeDNXakFvSjd1eUVUSkw1Q2cySndvbng4YUtaVzhqZF9sSkRfLXBDQ1h0STBybWd6VlZWVV9COVNMQXZKOXNkNnk1eUNWazgwWmREazRn?oc=5
"Apple’s $2 billion Q.ai acquisition hints at AI-powered, voice-free device control - eMarketer","""acquisition when:2d"" - Google News","Fri, 30 Jan 2026 01:53:10 GMT",https://news.google.com/rss/articles/CBMirgFBVV95cUxQNFR2ZnBSUEdidnJyYVZ5cmMySThUeWVrNnVQSG9idWw1N21KcnpyQkJjYjFqb3dBaFU4c09WWjZBMGVCTFJ6eEM1dG5DaUpwcmdmM0dXYjF4VzRaMFJ3bzVaZHRDWHZta2R2YVJIZWlUcnNvNkl2M2tVSmdjaVZJajNULXpMaEF1MUROODJHR1JjSmRMNWRJVEpaa1lzZUplUE5vbVRkdWVSWjJmQUE?oc=5
Mediawan Confirms Acquisition Of Peter Chernin’s North Road - Deadline,"""acquisition when:2d"" - Google News","Fri, 30 Jan 2026 12:44:00 GMT",https://news.google.com/rss/articles/CBMiiAFBVV95cUxOcXJoRDFEbVpNU3RvNkI5eVM3akhhcm9palFtMlVISzF5eEgxNmlkY0NFdGpOa0EtQUp3b1hfQ2lRczU4cHJKa000NHN3NWZ4OERBcmJKY0xIb2VHWnVPV255OUZnY3ZYSm9CWWtCWnN5TG1yeFQzNm16ZmtzdnZqNldkZllPeE5X?oc=5
Huntsville Hospital's acquisition of Crestwood Medical Center raises concerns from locals - rocketcitynow.com,"""acquisition when:2d"" - Google News","Fri, 30 Jan 2026 04:17:28 GMT",https://news.google.com/rss/articles/CBMimAJBVV95cUxNZlNqMHNMc0JDTlU3eGN1LWE0TkZ5QkpTcWQtcWQ2Z2FBUGhfb3hQREk1RDdTd0REMTdLOG9oRThSX1hNeTc5dWxSY3Z6NjNCMnhiak1KZktJTUV0a3VwQzRtaU5ad2hfYUxDdXpWX1dqVjdCX3Z5VXcxdFpfYkk3QzBleGQ5ay1NMEZ1WUd2YlIxejVEZ0ZrWExULTBFbno2N0VNOEFzV3VOMTJHZUo0QlZLR19BRm9pYlE0MU1IZmthUFhEZFdhVWpXb2QyS1Q1V2cySnFuenRMU1VucnFLWExldzVuRk9saHRMSlNLcjdGbnNydUhFRXhCWTBwSzVCRHlndk1Wc0szQjFSRjJQTkNSeXlRenhT?oc=5
Students shape Bucknell’s art legacy though the Trevisani Fund for Art Acquisition - The Bucknellian,"""acquisition when:2d"" - Google News","Fri, 30 Jan 2026 05:11:54 GMT",https://news.google.com/rss/articles/CBMivwFBVV95cUxPQzFEVi04dFZRbVlWTmhzc3p1VzNPV2duNFdKWWRTelFsb3hTMGdKYlotc285UkhaMHUzbEdMY2VBQ1JOQmpQc2ZLZDZhRENtYUViNjhFRUxXTUFITTM3aXJWd20zMHlPRXEzZ2VKUlI2R1NLMXhKUGFiOHJrZGRZUDJaTFNTMEhWQ0VzamdPazJBRXNLcnNpeWhRZDgzaVM0NjFQMWREMS1iblFTbXRVMWZUeXR1a1NZZ2FYMk1BTQ?oc=5
Conor Johnston Discusses the False Promise of Growth Through Acquisition in CFO Dive - Alvarez & Marsal,"""acquisition when:2d"" - Google News","Thu, 29 Jan 2026 18:47:03 GMT",https://news.google.com/rss/articles/CBMi0gFBVV95cUxPZTZjc3kxeUp5Y2lNc3VMSGdGbnVBOE5Tbl9iNWhMVEZpa1N1QnFSekE3QjVBZ1kydXBfWjBPTTBEWFZKenYzYmY3LU5YQkMwMWRzbUpSTE9aQW43SjJFMWJKc1czazVIS1dSS3psckxGNHhVeWw0alRfcVlyeTdUcnFFWTUzcXMwSU9fTWwwQkYtY1pvRnp3X0p2OTdLXzZGTkxJVS1SbGliMDczYXQ3UnF5N1o3MUVMNkY4ZDFSX1RtOVhsVDRORThtY0NrNlRJSHc?oc=5
"Killam Apartment REIT Completes Acquisition of 109-Unit Apartment Building in Halifax, Nova Scotia - Yahoo Finance","""acquisition when:2d"" - Google News","Fri, 30 Jan 2026 12:00:00 GMT",https://news.google.com/rss/articles/CBMikwFBVV95cUxQLWM1amU0enlFb1gtbXdvLUlUeXVXS0ptVy03Qi1DSlRvejd0QnJ6QWZXQlRBMUpTa2k0UG5PSVFkVktHT0hKZFppQXFaaGlHTF9OdHAxNnVrQkVjOWtMME9ZVHc0N2hqZ3FXVXc5RzhHZ3VoSTBjTzJnX3AzTm9aWlJxZzhLZzBoaE5JcG5FSW5DU00?oc=5
Apple’s second biggest acquisition ever is an AI company that listens to ‘silent speech’ - The Verge,"""acquisition when:2d"" - Google News","Thu, 29 Jan 2026 19:22:27 GMT",https://news.google.com/rss/articles/CBMifkFVX3lxTFBZdTRWTU1wZFpqOEhUT1ZzWndrQnBQcWlNeWhFQXJNemVfc0JPRGt4VGN6R0Y4VkVJdUlEQlRDdnVYVzA1WEhCQzNhTi1sd1FwUHZzSkNMaFhVVTRyYkJiMHpLMGc1dXBSS01QRWJMUS1jUUk4WEFpbHV5aGVsUQ?oc=5
Kimberly-Clark and Kenvue Shareholders Overwhelmingly Approve Kimberly-Clark's Acquisition of Kenvue - PR Newswire,"""acquisition when:2d"" - Google News","Thu, 29 Jan 2026 14:27:00 GMT",https://news.google.com/rss/articles/CBMi6wFBVV95cUxOR1pVMGVlbkdpN2M3NWh2djQwMU5vaGU5SlVPU3JfU1FiLUYxQjdKc1M5SlBYclJEdjZiMWFQMkI0QkE3YWlfbmxHT21hWGJYbThBZ04wN2dEam1IdVoycmZRYVVzTWtwUVZjRXdFdER2NEdiTkdGaHJPZFJFM0s4WmU2TW5iYlBnWWkzQTNmeDRSRGwxVUc1Q3hiZXoyRXZMN3JMQTNZcXlMZ25ra2lpVE5EbVQ1bWtMLWpvQmE1cDVLS0doUDBQNmtUdXF1MzRnaHNrQU5saEg4QVAxX2lrWlRKbmwzRjk5Zmxv?oc=5
Elon Musk’s SpaceX Is Said to Consider Merger With Tesla or xAI - Bloomberg,"""merger when:2d"" - Google News","Thu, 29 Jan 2026 22:22:18 GMT",https://news.google.com/rss/articles/CBMitAFBVV95cUxPYlA5eVpFSWdaZ0hSTldlckkwNTRGWFhORkcyclJid05QR18zRmlycWx1UUZmYzNEdnN6eVF6QmxnYjFZWWdRX3hGYXAya3dFU2RyVWlaeWVGRFM0cTJHXzdyTUh3dFYzNGhDdWktX1IyN1hNNFZPbjFqcTZXbkZRVk1OeW9DVURmUjNKQ2dacU1uRXMxQ0h2R0tMT0NYVG5wZ2FKQjYyNmNPZ245OXVCcG1ZQXM?oc=5
SpaceX in merger talks with other Musk companies ahead of IPO - Reuters,"""merger when:2d"" - Google News","Thu, 29 Jan 2026 18:41:01 GMT",https://news.google.com/rss/articles/CBMiqgFBVV95cUxQYUctb0l5bm1vTEtFbEdCcjVmLWNFVzg0aV85SklPUmIzeU9VOUxWMEg0Znl4UTlueUVHXzZFTElkVGtTQmYzaVFfWVVSYXZHNE4yMTNmM2Z2WHBYWVV5eTFmWnhvR21WaW5sZmJKbTU4X21ITk5DY051S0pCYUdnLWd6Y0N5czlpOXJLZmxQVkI5bWQxSlI3OGtkaE9RQWVEOGw3ejgzMk5wZw?oc=5
SpaceX reportedly mulling Tesla merger or tie-up with Elon Musk’s xAI firm - The Guardian,"""merger when:2d"" - Google News","Fri, 30 Jan 2026 08:08:00 GMT",https://news.google.com/rss/articles/CBMiqAFBVV95cUxPbDNhOHFTVGpUVVVhREdjeGIzb0llSkgwUlpycUhkX01hNmoxRzIzY0Q3ZUtNb2VqZVBwdjB0a3hjZy1QRW55Yk1tVnQ0TkVNR01ScHMwZERFb01yOEZTeHlsblR1WmdaSWp1M2lEVFpNUU5JZVJrbFlmU2I2S19UN2s5bTB5RjljN04tenhXVkRKMXNIMVktY3ZKSEdfTDVocmJfVXhTeW4?oc=5
Tesla: Shares Rise on Media Report of Potential Merger With SpaceX - Morningstar Canada,"""merger when:2d"" - Google News","Fri, 30 Jan 2026 09:39:31 GMT",https://news.google.com/rss/articles/CBMipgFBVV95cUxPRFg2enduQmliZzJ2azlWdE1WcXFJSW5ndnNpdHZqZWk1MHgwQUNTUjBETWFKNmRNQi1IdTlkemoxZGdjaHEzMlhId1lsVFpXeGNNZHprbXQwRXpwNjdlTjRoZzVvWlpMd3NUUWJHOWJjZ1h5d09aekVFRS1LZ1FrTEthWU5GTHBYeTRxdEtvazNFc3BpVVk2RVAtWVpYcVVmenluc2JB?oc=5
"Elon Musk is rumored to be floating merger between Tesla, xAI, and SpaceX - Electrek","""merger when:2d"" - Google News","Fri, 30 Jan 2026 00:00:00 GMT",https://news.google.com/rss/articles/CBMilAFBVV95cUxQcGdhcmlFWXJnS3RTSlNWRGJUeUtSc2tQa3dPeEZsblRsbkFkUDJ6eF9lRnE1LXNRMWJORmNSMHc1OGFDaTdYdzN1UV9aWjV1ektYNzJrN2FJT1gyTjFPMmc3bXpDS2JjVDl5U0l0Q0ZTRkJEQ1EydWJkdTJXV1BUaVRRRjlYZi1OSjZjOHBaS2hMYXk2?oc=5
Charter-Cox merger - laist.com,"""merger when:2d"" - Google News","Fri, 30 Jan 2026 13:01:56 GMT",https://news.google.com/rss/articles/CBMiugFBVV95cUxQbHc5VWRMeF9idVVkanE2Z2JvX3Bnb3VHMXdLRGY0cG0zWWNxeTRWLW9UeVM4UjVoS25zRU8zY2V0bjI5UjhxNnp0YUpyTlI2eE9ETFdlWjVVcWlHTktSNHZBMkhjYVBJcndKX2dFT3J3cm52RXY2S3hRSFFBMHhaTlNKeW1ESURHZVFLamRxUDdHRkY1TG1aYWhnY3BDdEZnWWVUQ01FQXJma1lYUHhJcHp3NkxSYjA3S1E?oc=5
"Musk weighs tech mega-merger across SpaceX, Tesla and xAI, reports say - Yahoo Finance","""merger when:2d"" - Google News","Fri, 30 Jan 2026 11:30:37 GMT",https://news.google.com/rss/articles/CBMif0FVX3lxTE1saG16N2E2Wlp5SEdGSlRuZTM0SDZPY3hJVGV6TGVRdlp6dDNXYlg3R1ZWd040UEk0UXhrUkpHZzI4QUthR0FUa19zcU1nZjVCaXNoMmZQQjJqY3dTcHBSU3ZkWlZqYzdnaWNhUExDMHlZblV0MkdEQWs1RXZJYm8?oc=5
Elon Musk’s SpaceX reportedly mulling a merger with xAI - Scientific American,"""merger when:2d"" - Google News","Thu, 29 Jan 2026 19:59:01 GMT",https://news.google.com/rss/articles/CBMinwFBVV95cUxNcVk4eW1MM01LWHBfSVhpQ0hxVkRFZzFDVWRJUGpKem01M3A3Wkt6SXZxN29jRW96aDhKanphQW1GT1NxWkNNUHFBR3ZRTFI4NEc1YmhvMWc5WTl2eHlEZmVCSHhQOWVaajVqbjE4WVczRG1JMzR2bm1MWERNYWdtTDJzdWR1X2NJbU1oaUlGc0hZN1M1ZTVBMHFjOWRNWjg?oc=5
Tesla Stock Rises Late As Elon Musk's SpaceX Reportedly Mulls Merger - Investor's Business Daily,"""merger when:2d"" - Google News","Fri, 30 Jan 2026 00:01:00 GMT",https://news.google.com/rss/articles/CBMimgFBVV95cUxPRV9DMXZOaDJ4RVVTSjVnbUcwaWtRX3piZmZTRXJ6N25fQmF3aHM3NnNBYVRfU05sNEtJc3l6MEpJVkhoV1Q1WTRuZGpjTm9jTmVtZjZlV0dGaUhFYk9jM2M3TVdOT3ZQR2hNeHlRTFZNYkJId3ZseWU3UG56VzBlVkJRbmJHZEUwaU9UTWlmNnUyRzlpWi13Q2FR?oc=5
Ares backs Yellow Wood merger with $1.6bn private credit deal - Private Equity Insights,"""merger when:2d"" - Google News","Fri, 30 Jan 2026 10:59:16 GMT",https://news.google.com/rss/articles/CBMijgFBVV95cUxPN3dodjMyekhaZVoxUGJuZkZTRXNzSUxaejZidEpBakhHd1RDaDhFWjhLNXV2NVlrd2ZRdnhhT3dTSmxYYmZNVml6TTBsamcwQnNzQzVXbDRteUp2bUtOazhNa2tkT0s2cHEwcGIyaGtHSGU1RWR2WkhGQWJtTEpMbk9JMkhfT3JxNXc1Vk1n?oc=5
Here's what a potential SpaceX mega-merger could mean for Elon Musk's business empire - Business Insider,"""merger when:2d"" - Google News","Fri, 30 Jan 2026 12:55:00 GMT",https://news.google.com/rss/articles/CBMipAFBVV95cUxNbGhsUmQtZHc2bHk1N1F6MlFBU2o2c2UzaEtaWHpnRTNoNnowNGNVWEJEcDhiRWFScld0Z2Y0QmZLejczUDFHLUtTYzYxMHVCUFdrcnJzU0hmN0FhSzRxM2RoNjZPMEhTaEs2Z0Q1aU84X2NmWk9UcWpxUVphVXA4Smg2V19vSXRTalhsakEwaURDZHpaSmZtYU41cWhyQmVtb0Qyaw?oc=5
A SpaceX Merger Would Reward Musk Loyalists - The Information,"""merger when:2d"" - Google News","Fri, 30 Jan 2026 00:05:00 GMT",https://news.google.com/rss/articles/CBMikgFBVV95cUxNTVFTdUFjZG80aTM0QnlzbXlYNHg4X0t1aU9DcWhETVRHa1A5RkNuTEljTkdjY203ZGdMTTh4RHp4NndjSjFfMGpkYWRUcmd0NklScE1CRnhRWmQ2MkxmNUViRUpwV0p0azlmVUllaFI2VTg0MTllVkZDUDdkUmFkOUlsbkJsQWNLY3NqZFo2OEFSdw?oc=5
"Elon Musk’s SpaceX, Tesla, and xAI in talks to merge, according to reports - TechCrunch","""merger when:2d"" - Google News","Thu, 29 Jan 2026 22:47:42 GMT",https://news.google.com/rss/articles/CBMijwFBVV95cUxPcGlBOWhsaHlqaEU2M2JCd2NQUzFDWDVGZjRFRTQyczZVdThtRzFqam9WVWE1TUtqNzVyXzg5UWtmVTVDckZtYXBlNnB3RUdobUZqdEFrVEh0LW1rZGdOQVlBRlFGeHZqUVYyQlVXY282a0NzRXdYNUVlczJMbmQ3MlFYUkVXVk9ldUZoRGJKbw?oc=5
"Tesla could merge with Elon Musk’s SpaceX or xAI, report says - Automotive News","""merger when:2d"" - Google News","Fri, 30 Jan 2026 08:00:00 GMT",https://news.google.com/rss/articles/CBMigAFBVV95cUxQTjNyN0dJelVWRFZIU1g2WVZEUC1QT1RkMzlzZkhOaGV6MEk5RENuVkQtTEdUc0kyUkRscm5Ya0VzeG9oUWV4QTVFd2lyLUp0Vk1hTTN2bXEwc1p5S09zZnN2YzgyOTJJMUZYeFJpTGplV0ducVNQbVlzX0hVUGs2Rw?oc=5
Copper Surges But Constraints Threaten $200 Billion Merger - Benzinga,"""merger when:2d"" - Google News","Fri, 30 Jan 2026 11:35:28 GMT",https://news.google.com/rss/articles/CBMitgFBVV95cUxOcExGU3M1dkdGNW5qS0dYVGxmbWt5RnZhN2ozZzRva09QeVBDcjB4emYzTVBtTUJfcUE3YjZib2cwajg5Z01TeEFib1VOaUk5WEV6WXVCUEd5NmtMYUp3RkQzX0JGakU0ZnZWczJ2UkhvVVF5YjVMOVd3QzdMd1h5TFE0UmJzeklGTG5ZU1QzV0w5akZzTHJyUGlCN2x5SWpqenBMdHRWa0xBNnBlUDBpVEVJOVZhUQ?oc=5
Scout Security Accelerates Growth with Roo Merger and New Bolt Insurtech Deal - Insurance Nerds,"""merger when:2d"" - Google News","Fri, 30 Jan 2026 12:32:21 GMT",https://news.google.com/rss/articles/CBMiswFBVV95cUxPU0RQNU9RZ1JSWEpBVU55dU56cEdLYzhENDVqWnRNWDkxajF2VWJqWElSRkNwalJrVkM3N1dXeFlRdDdpaTg3aTB3ekljaV9DSVdGbXRCZW5feFQ2UlByVzZvckEwbE1UTXZFWVRZUU1vLUJmUkhyMC1iUlFFbWdDNTVLTmtuVkU5U09yMXY0dWRoZFFQOUx2WWI2Smp2QTJ2bi1QV2UxQUtfVks5Q2pnNXFCNNIBtgFBVV95cUxORG1PeEdfMEJ3Q0lqRElEU0hBNGNWYlVHXzZaRURlek4wbTBIdEtOc2YtbFp1WjVieF9zYVcyWDRRX3ZqRFJUN3M4eWRtZF9jOGdyQU5GY21BaGlBX2QxZlRkYjl5NmJRNktIVlBiV3Rxb3pvTWpSaklybFBRTjFhc2lHd0ZOeE84R1d1RDRLUGN5dW1teDJUUGpyWWtCdWtVeEFUdy0tOW10WEgzQnVWTHhoYkNudw?oc=5
Is the STB being railroaded over the UP-NS merger? - The Loadstar,"""merger when:2d"" - Google News","Fri, 30 Jan 2026 13:51:55 GMT",https://news.google.com/rss/articles/CBMif0FVX3lxTFBuRTN0aEgxcHJRbmdKTHo5QjI2LWhac1NjUlZBQWtjNVg0UXJLRkV6RmtscVNUZXlwVHo5ZE14Y1lJOW5fY2FOcFY2cktiT1NpWXo2a0NwV2JYNjBwRnpMM0VIcERqbUxyVldxQmJ4cXU1Zkd4T2lUQVU0VS11LWM?oc=5
"Elon Musk's SpaceX said to consider merger with Tesla, Bloomberg News reports - Reuters","""merger when:2d"" - Google News","Thu, 29 Jan 2026 22:46:13 GMT",https://news.google.com/rss/articles/CBMi1AFBVV95cUxNQm43QmMwbGlnbUNXTG1tcjFUVm5aUHlhelpVZEprc3BpTTFfNk9VMUVjMXV3NGgwUzVsQXktdlhsaG45QU5HbHk2cDljWGxrd05VQm5PanlORktic05Wem1mNzcyYU9TekFqT3lfSHRxeFF6Q2szWkl6UFFBUWpBNERPQ3VvTllmdjNjaV9OaEFoSEh4VzMyWmlKQld2ZTViM2ItZEtfTVprbHdUMHJEZmthd2NfV2JRc2JFcV9HczlETFBnLWllQVhYdllCcGVUYnJfQg?oc=5
"Potlatch Stockholders OK Rayonier Merger Plan, Reject Executive Pay in Special Meeting - Yahoo Finance","""merger when:2d"" - Google News","Fri, 30 Jan 2026 10:15:41 GMT",https://news.google.com/rss/articles/CBMijwFBVV95cUxOWGMtcUUyZmpUaWxDQkV6S2otWkF0VDBHWC1QWEdfT0dxS0lteWdCUGhhNDZQQWNhQ2VzbktSQVZmU1pvZEdSOGpIbGpTUWxrOHZqX3AxREdFWVZMaFdYa1RDcmlTM296SXhQR3VNSDVkSHlzU0REQXg1d1pfUmdVVElxS3VjajIxVFlzVTdaZw?oc=5
California is asking for your input on the $34.5B Charter-Cox merger. Here's how to weigh-in - laist.com,"""merger when:2d"" - Google News","Fri, 30 Jan 2026 13:00:00 GMT",https://news.google.com/rss/articles/CBMisgFBVV95cUxPSEZ0VTQzbG1PTlJET243cjAyM0JYUHd6Z0dLLTJ5Sk9ibUIwQnFoOThQQndsVnZFdFk0cDlFODNydHJTenJSLWplRUxOMHphR0kwVDBZMUtWQkFFbU1CRWZUOU85Qjl5d3BuTEttVVdOd3Ffc3VsMlRoRHptWmFHY1U4ZHU5X1NfSGhDakNwRjBYUTQ2NGRRV1o4ZjBpSVFRYTZpVlpueEI2Y0xwcTdoRE9B?oc=5
A dream combo? Musk said to consider Tesla/SpaceX merger - Investing.com,"""merger when:2d"" - Google News","Fri, 30 Jan 2026 00:50:45 GMT",https://news.google.com/rss/articles/CBMisAFBVV95cUxOTWxnOFhCLVFRQ3YtRXdWcnRDTVc2SXp4Q0FOUndKekd0VlRoanprWXE3UF9YMm9jejVwSUxCX05FcGI5ZGN4dW0wRHh2amptMUNOMFBVT0s4dlE3X0NJdU1jUWt2bmtmb053ZF83MlBFdEtDS0pRMWhsdzVvVVpJVEM1VDZIbGFiSWYzWXAtNzdaQXltOWRxWVdheUxnU0JrRl9tUUN6ZkxPaVdtUmNkNQ?oc=5
"US shale producers Coterra, Devon in advanced talks to merge, source says - Reuters","""merger when:2d"" - Google News","Thu, 29 Jan 2026 19:42:23 GMT",https://news.google.com/rss/articles/CBMiswFBVV95cUxQU2FzcE5zLUdvakZzemNSQ1JrY0hFYzgtaVZtSDJBRkcwOEVDcjAxQkhsLXhUV2lhd1czYnRSTmk3OWJ2U3BfLWNZMmZ4QjBFdFNxUTktLWdvTlhBOE1nM3R5SmQ1OWcwdl9DOFlGS2E0SGFWWGJVOTM4TE4tS1BBVW9EWEUwMFpBaVdzSXRoUWJZUjdDcnNrZWdUVVdBWFJYLTAxZmRIbVp1RTBjYzc1Skhwcw?oc=5
"On Aquidneck Island, school merger talks reignite debate - pbn.com","""merger when:2d"" - Google News","Fri, 30 Jan 2026 08:03:00 GMT",https://news.google.com/rss/articles/CBMifEFVX3lxTE40SHF3bndVOG1MUlZYenVDSmRsN3hqek9PMjVsSzZxSWpPWktxZmFraGtFRDZ3ODVENUR6X3RtdzlCVkkxYTZ6Z3VZa3ExVVZ0TmxBeVN3aXc5SnE2R0FyRnVhdWVMRDIyZWl3VGpaMEh2NWhMOTJyX3BjcDfSAYQBQVVfeXFMTzhJT1I3TVd2ckl0TFpQQ2lWUDUwYnc1YzVVTW1naktSVzBiSnJRRWFPMkowQWRCUHMzLUZlS0ZtVGV3SE1aX2otSGNTX2h0QUl5dkkzMUlya3pvODZyVnNzdUh0UDJWdERScnpnVXlZYmZaV3ppVndkSVUxZ2dLRWFTMWRp?oc=5
SpaceX is actually considering a merger with Tesla or xAI: Report - Sherwood News,"""merger when:2d"" - Google News","Thu, 29 Jan 2026 22:36:01 GMT",https://news.google.com/rss/articles/CBMigAFBVV95cUxOSHpaWmRDM05IMUFZVmVDS01jSTFMb2ZLaElGRm1VNzhWMFhBUWdQZ3B6VFZ1TU03OENhSktOeDN6emdINkVWeXpNWEUzelZXdTY2bVROenYtMkdoTXAxZkRJM0RhY21qOUhpT0pDMFFpWm5ia2R3YmZfdEVJejNDRA?oc=5
Tokenization Leader Securitize Files for SPAC Merger After 841% Revenue Jump - Eudaimonia and Co,"""merger when:2d"" - Google News","Fri, 30 Jan 2026 11:22:47 GMT",https://news.google.com/rss/articles/CBMilgFBVV95cUxPc1UxYnRkSU53NGJ2b3E4QWo2R1BPQzN0RDBrOHR4azN2NERxWnktQjRQamRjMDU2MThwb1dJOXN3a0h4ck1kSnJYTW9uOEJLcF96V3YtN2xnWlJIa2lsVkU5SkVHU2JKQlJwOTNldXJIeVFVRmFIRUc1TFpKRDZyZmpPNTg3M2FTR01rcGNfOXotN2k5MGc?oc=5
Augusta Players and Imperial Theatre announce merger plans - wrdw.com,"""merger when:2d"" - Google News","Fri, 30 Jan 2026 02:13:00 GMT",https://news.google.com/rss/articles/CBMimAFBVV95cUxNa3lXSkN3VzNVZVlrSS1zeGFTRk13Z004Y0s4VzlGd0E0R3pGbm9RcjdXVzI3OFNIQXhiZ0JfbU1MaWdUWGZxNFE5ei0zYzNtcXFtUDN4c2JwR19RRmtYRkE4VVQyakZ2R2JfQTR3dXp4dGJyelhYcldYS3JIZEJTb0pkRDFaYVhlX1NGZE9abFdWSlZ0cVByVg?oc=5
I'm trying to guess why Elon Musk wants to mash SpaceX into xAI — or Tesla. I'm stumped. - Business Insider,"""merger when:2d"" - Google News","Thu, 29 Jan 2026 22:02:00 GMT",https://news.google.com/rss/articles/CBMiekFVX3lxTE1paHdfYkIxeHk2cDZLQ19RUG1FN1FQV0prbzU4akVBckRhTmU0VDNRV1dJSVJGTGxlajBDTVEtMlpuWFpLWi1Nc2F2UDg3VUlrZ0lDUjhpemN6X2ZjN3AwTnBNRGg5bks3dk8yZk1MQjZscjZzak96SkdB?oc=5
Mechanics Bancorp-A (NASDAQ:MCHB) Reports Strong Q4 Earnings Beat Driven by Merger Gains - Chartmill,"""merger when:2d"" - Google News","Fri, 30 Jan 2026 12:24:09 GMT",https://news.google.com/rss/articles/CBMi0wFBVV95cUxQaWVLemRmcTYwTHAxWEVoMjF5QmFBVGNHVDk0QUpWTi14VmlZb1kxc3YzZ1NYSGJQMlNvcmlPZmVISWxRZ0JPMTlTUF9sdlV3UkZIYUhzdHBpODBycmNFNkFhWFRZM2JzVUVqam8wU3owc3Y4WUFHQmQzRDFpX3hTQW1feHA1QTZGN1NoWlZDX3N0UEtlRHg0Y01fNm5UZC11SE1lUEg0Q2dQaUNfUHBHZmlWbHZqUGdfQ3pNQU85cUxIQ2cyYWhab2xoeGZ0ejhocHhN?oc=5
"Elon Musk’s SpaceX Eyeing Merger With XAI Ahead Of Expected IPO, Report Says - Forbes","""merger when:2d"" - Google News","Thu, 29 Jan 2026 21:09:45 GMT",https://news.google.com/rss/articles/CBMirwFBVV95cUxQSkZLNlFBeExjVGJrbWIyMFl6WkxlOG1XdTM5WWM1OFJqY1dmQTBuLVh5c2dKMTdaMDlodDNZS1Q1MWo0SjBNNWVDVnpXZm03MkN1UXRudGhFcHliaUtzZ0t1dGVYZkUyMmV3cTRVRzEtODdwTDdxVHd1TUkwWkJpN21fTWMyN2h6bVU0SGY0THJPbFVYbUs2OExHOFJsblVaMXBGT2RZRFF4VlFPY0l3?oc=5
"PotlatchDeltic, Rayonier shareholders approve $8.2 billion merger - nwaonline.com","""merger when:2d"" - Google News","Fri, 30 Jan 2026 07:41:00 GMT",https://news.google.com/rss/articles/CBMilgFBVV95cUxPZ1hlUWVfeFZpcENMLUpWQkVQLWVkY1pGSnJvbjRqUnhEaEJrRFNPbk9qM1dTNlZlZjNyTl9wQ0g3RHlNWUFzSzR3ZkV4XzdsbTQ0WE5pOGo4bEpmUXdUQzVTcDFqODdITnBzRjI4cEIzcUt2TTFraEV5SWRuNHBrT1hmbkxtY3BJZjkxb2FsWFBULUloelE?oc=5
Four More States Weigh Bans on Private-Equity Interference in Medical Care - The Wall Street Journal,"""private equity when:2d"" - Google News","Fri, 30 Jan 2026 11:00:00 GMT",https://news.google.com/rss/articles/CBMitwNBVV95cUxNT0w3SWd1c0FMTi1WX3c5ZmxHMkF2cHdmazZwLWhuaW9LeHVYSWhhR3BpdE4talhCMmMwUDIwUU02VW9WdDRLUklxWFlKSVRYYVVjekVKUzFWdnJBbC0zRjRuQlh0aGhyanZ5RXdSYzBYSG9mcGRIbXdQVFJxUkp1ZTVFTXBsTURfRF9sWWJxTGFUdVVtd0w0dzV3eG9nNmE1YVhDSFRqLXgzOEloRi00UENORUM3LVQxLWJJbzFIV0VscHZKelduM3JLc1ZIbjVDdlFfdk1LS1RWaXNSTktiTUF2Y3Rpc1pWNU9faW5POEo1T2ZzVGVHSjNWQnZLWUg0M0g1RFFaVnAwZmo2dDM5ZE9ZNm9GR0M2Mm53V3d3R0dQcXZETC0zYl8zMzVZVGRkekNfelgwMVFReGxjcm9NTGV1M0I1bzQ3Z2RQU04wOUZHNzZLWWZoZW11OGhIMXlvZVNmeXgyR2xETlNZX0lWUTF3VVMwQ3NTN05LbUd4b0wyUWg4T1hDYXJsd0tsVnNmYVo5bHZMNXhHUlpnTWU1b2RiWE50SHgzOEZpWnBwU1RRWDRLWlUw?oc=5
Dudley DeBosier looks to expand personal injury law firm by partnering with private equity - nola.com,"""private equity when:2d"" - Google News","Fri, 30 Jan 2026 10:00:00 GMT",https://news.google.com/rss/articles/CBMihgJBVV95cUxPS2RrUmVacUx5T1FpUWdSZWxpLVNGSmZWeExqejRQTmZKQkFlQmNTYVRXcVFCa082bDlLSkVMTUFBTnBkMEFCc0NTVlNkdWdUVWVTRTlmQUdTV3A3QmU0Zk5yeDlSbHNKVGV1RkRObU16NFRPNUFuWGVDNExtNzVndF9WVUFJa19IZzhmWFlFM0l0ZENSRERMaVNmSmVxU3BQajY4QkZKWXF1NGxweVB0bEcxLU5ZRnZWeVJWUmJ2OFFBV2VTX05nTEQ1UGdtclRlNFY1eUtmUGpPMGVvdE9yWkdHSWpwRG5Xa1dYT19rOTdEYWNPdndwZEZwWnhsUF9BMjFJbkl30gGLAkFVX3lxTE4tQXFpYmR4amZkUTVUVXh3WGFYYjBLaVhfQ2NOV3NTZkdfbFc5WDd1Y0xhQ3Q4VFdIYnI4SkN6cWpma1hSOUpHZDZaUm91R3ZROHlYR2ZHdzU3SV9uLVRSbzMzel9kaF9SeFFUcVNPN2RncjdESS03UzRobGNySFQ4MTlwR0ZTb0stTUFSTzgzcnBJVzRaOHVIb2RQRU0yZmZLMlZSNnJnc1NSM3hDRHJSWHhkdldQS0JjNlJjM2laQXhGQ1NEc1RYVG5VVUQ5dTViLVVEckc2cFFfYkRIMVpINWJyRzAzRXM3SmJYcUpNeG1HSl9PT3VHVnYtTmZySlFXNEtrcEd6N2JiOA?oc=5
Latham & Watkins welcomes Frank Monaco as New York M&A and Private Equity Partner - Reinsurance News,"""private equity when:2d"" - Google News","Fri, 30 Jan 2026 06:12:26 GMT",https://news.google.com/rss/articles/CBMirAFBVV95cUxOa3RZeUZJTUxJUkpQaTZfWWFMa2VpZmNZTmJMUnN0TXZrZXFkU29rSHpkRzF6M3Vreng0dWkwenpmQmVmbk52aWpjaGxTdVZBdW1KUXJaaTNXN2s3NXVFWG9NaFZhemZUYTYtc0xQdGNObFZoRDY0MEFiMHdtd2NaVHhDYjdFNVVfak5SeGt1d19KSWEtenFadUxmanQyV0VJZjVCdHphRkMzN1ZG?oc=5
What a private equity owner could mean for Texas-New Mexico Power customers - houstonchronicle.com,"""private equity when:2d"" - Google News","Fri, 30 Jan 2026 12:09:25 GMT",https://news.google.com/rss/articles/CBMiqgFBVV95cUxPVmFLQkM3OFZqLUJzejBqTFNnNHBsMkdvNWxkUG4xTi01d1ZKbGlvWnltcDVRNjc5b3FVbHZ1UTdmS0hWcVJOT1o0aExNUkI4QXhhVFdRRmc1YmxFbEJub1ZtS0xTbHR4UEhhOUxkSTVQNTNVVVRCMGVteWY2RVdOalYxaW9tbGVZUXdEZWhQdnZaeDdLc2RkTllRVjlUc0RJVlpQakU3VDEwZw?oc=5
Deloitte: Corporate and Private Equity Leaders Anticipate Stronger M&A Activity with Continued Volatility in 2026 - MonitorDaily,"""private equity when:2d"" - Google News","Fri, 30 Jan 2026 07:10:24 GMT",https://news.google.com/rss/articles/CBMi2AFBVV95cUxPLUhSWThrWGNIeU1UQ3cya1pwOXlsY05Gam8xVUgwbkZqRHFqTlF0aWFGclVwcjFYcWxRM3A1YmVIT0x6VTd1UDFqMGd5Y04xNFNUYVJCRnNYellCakoxRmRpS2pBakJUd2tKWW8ycmloYmE2UngwZlBSWFhMNjVGd2RjaDBHME5McDhMWFphV2ZnSmtGNncxUWw1V0dIT010aW9EY1pfelpmLVNZTHlUalVGeHJkUnNPT184ZV9CVDFxemxuQlNadWFiV0RFaVAza3hZZDQxdXI?oc=5
ICE Deportation Flights Are Getting Longer and Crueler - Mother Jones,"""private equity when:2d"" - Google News","Fri, 30 Jan 2026 12:30:59 GMT",https://news.google.com/rss/articles/CBMiqwFBVV95cUxOZ3NQYW5abER6UGEyakhfSkdMSmZnVjdVWW5wWEw4cEV0OGZKY05ESUVqVjRvRGlxdmxaX1h1VXVWel9OdzdjZTJuTkRXWjhKZ0hsVU1hOGhDdVo4VnJOcFNQRlRJWkJ2RXppQmhjUWFWbVRKaDBIOHpydkx6MW82RmhvS1N2TVlNajNiYkx6bkplbW9ZYV9ucmtHSEVSZ2haYnlfNmU0dE9zOWM?oc=5
Private Equity Funds Lag Behind in Performance - 401k Specialist,"""private equity when:2d"" - Google News","Thu, 29 Jan 2026 16:07:30 GMT",https://news.google.com/rss/articles/CBMigwFBVV95cUxOX2JGRk93OHBpaUxWLWpHZ1FwSE5PclhiUWhWSUxCcnR2OXFaaENzeDBZMzhjUl84ZW5NWEV0bUNUcEJoRDdXejlPc3FVQ2sxYnBaTTFYZUMwdjUtb0pYTnM3S0V5UlgwZGlya1FwVjMwVE5UTXJ0dGlCeWR6Nko2M2hfQdIBiwFBVV95cUxQcEZwVnZTcTUwUm54bF85Q1d0V0I2TUtQN01TdkVnN1ZGT0haeXhPM0oxVVdUdVBaRmlwRU1ndXBkaFF1NVRMc0xGVGxHM3VHWEI5eGE0S2JqOTBnZ2lNZ25KRGhCOUppR3U4THdIQXNINkR4ZERoRFZvVmNzX0YyclRvYUhEZy1YUlpn?oc=5
$14 trillion asset manager BlackRock unveils its newest weapon in Wall Street ‘alts’ talent war: profit sharing from private markets - Fortune,"""private equity when:2d"" - Google News","Fri, 30 Jan 2026 08:02:00 GMT",https://news.google.com/rss/articles/CBMihwFBVV95cUxQOHg1MmdacFFlcFJ0Q0otd2FURW8td29kMElXWFNYSTEyWXk3Tzh5bTNfdmU0UEFiNzlaYUNpSkhYaFlBOXk4SXJpSkhrVGw5TU9MbVBZWWpsX1gwNG1DcUlIVFFFSllBM05qNDhONnNVSjJ6U1F1UURUekc1Y0lSeXpEaWt2MzA?oc=5
WA's pension fund is an outlier — and the risks are growing - seattletimes.com,"""private equity when:2d"" - Google News","Thu, 29 Jan 2026 14:00:00 GMT",https://news.google.com/rss/articles/CBMiuwFBVV95cUxNWlBnbHNSbTFEZF9xTE5pLUhld3czcEcycEF1clJ3YXp4dnV0OFA3S2MtLWJlZE93UDYxVWlaVkZSSW5lM3M2V3YxeFBMdGpPX09IbHhhRXJWQzktRmRsOHB5QmE5RjNvSC1LeC1ESWMwUVA0aklXTkZNWUtwTWtCa0hJQUxhU0hBbmNQdTBqb0YxdTFZOTNER2x4WFBodUlGa0RlWXA5TEZyakp1SU9lSEFzWFh1SFFxaGlr?oc=5
Hartford event spotlights impact of hospital mergers and private equity growth in health care - ctinsider.com,"""private equity when:2d"" - Google News","Thu, 29 Jan 2026 20:18:15 GMT",https://news.google.com/rss/articles/CBMimwFBVV95cUxQMGttX2w0TGtIVnNTblQ0UGpGWWxfMU4waDZfeFd0dEtQd0x5Qk9aTWhSY3lKbHJSVFVhTk1FODM4NDh3UERfUW9VYmFNN1BBRkRSTXAyX0VTS056dWZ6SUJ2WnNITHF4Ry0zV0NjTHUtUUxYMGdQQWJlak45UWFmQVBDOXhqbDVzOFplS0RnTFVEc2tiaExpT2dRVQ?oc=5
Policy shift puts direct primary care on investors’ radar - marketplace.org,"""private equity when:2d"" - Google News","Thu, 29 Jan 2026 21:02:00 GMT",https://news.google.com/rss/articles/CBMipgFBVV95cUxQVzhHa2pnV1p3cV9wV0lvbzF6V3lPaFZONXM3em5PR3NSenN6Qm1CUDEtOC1EbTY0VWpXejdET3NwYmNzZEdxZHFwS0tHREJwS19CRXRXWWxBa2ctd0F3bmI3WV83NG9tV0RMYVVwV1JSS1pSd2RZSUVVNXlpenkxZXREYzBBRzVTTkdXa3YzNVFEY0YwRWtmaU96Q3V3NU5zeXlwcWF3?oc=5
"Private equity exits rise, returns fall in 2025 - S&P Global","""private equity when:2d"" - Google News","Thu, 29 Jan 2026 22:48:31 GMT",https://news.google.com/rss/articles/CBMizgFBVV95cUxONTVfeDZtelpjZ0d6bWN4YXIzbWM2Vmo4SWhaWXBPT0FLWFdieG9fTHFZTlZHWHM5cHZKQzd0MDB0OWctZlJ0dFlrbnl3TkNnSlpaeE9BcW54UXV6NmRTSkJFWU83TUZVWnVPTjJUU1hDNUdwNHhmT0lBa3VTRGlqaV91aXBXaTB4REpMVXdfcTkyTjdkU2tMWjZIVF9Sc25pMXRSYnJZbm5Wank1WUpFZUluTzVacVZjRXQxaWFRNURhb2NGTGRVVk9mV2hKZw?oc=5
"BlackRock, Partners Group Launch Private Markets SMA - Markets Media","""private equity when:2d"" - Google News","Fri, 30 Jan 2026 09:37:27 GMT",https://news.google.com/rss/articles/CBMiiAFBVV95cUxOZmI2dGVDdjhUeTBiUmRqZ214LTRzY09XV0stdWhrRjZWVUNGeUNVT1FFOWxNQ0ZNc1BveXhCNzFEemhjd3BlTWwxYnNFSXRCVS1rVHZyNjFOdGlqeFJPM2tnS3hwWGtLbVQ5dER5eVdrc0JITm9ZN1Zoc09UbDh4RzZrX0QzTVRY?oc=5
UK Pension Funds Stock Up On Private Companies - Bloomberg,"""private equity when:2d"" - Google News","Fri, 30 Jan 2026 12:45:17 GMT",https://news.google.com/rss/articles/CBMiwAFBVV95cUxOZUlfN2xRaVVzbDNjMlZHRG5YX01XazMwbjdtMFQ2SkY5SGpfUWtIczNwN0RxR28wcElZZVhSdjdleDU5eUdveTZyQmpMSnJrTUNxYnFIbEtPS2dFLVIta25KTzYwc0JZblFicmNGbHhIVlJ4TVdMbUc0dDZyNkJWM2NrV0dfemdRbTVfM0l6c003QzFaYXJlUWI3OEZXNE51YkU1eVZ4V2ZnVVc5N2RXcHV5MUZZMVRpWWJ3bm9FbXo?oc=5
Inspirit Equity acquires facility management services firm Sizemore Inc,PE Hub,"Fri, 30 Jan 2026 12:59:56 +0000",https://www.pehub.com/inspirit-equity-acquires-facility-management-services-firm-sizemore-inc/
Monument Group promotes Chris Webber to partner,PE Hub,"Fri, 30 Jan 2026 12:48:59 +0000",https://www.pehub.com/monument-group-promotes-chris-webber-to-partner/
Perwyn promotes John Gallagher to partner,PE Hub,"Fri, 30 Jan 2026 10:12:12 +0000",https://www.pehub.com/perwyn-promotes-john-gallagher-to-partner/
"Winterberg, KKA-backed Healthcare Holding Schweiz buys PlusORTHO Prothetik",PE Hub,"Fri, 30 Jan 2026 09:22:03 +0000",https://www.pehub.com/winterberg-kka-backed-healthcare-holding-schweiz-buys-plusortho-prothetik/
Double-digit valuations attract PE to dental care: 5 deals,PE Hub,"Fri, 30 Jan 2026 07:00:46 +0000",https://www.pehub.com/double-digit-valuations-attract-pe-to-dental-care-5-deals/
MML backs RTM Engineering Consultants,PE Hub,"Thu, 29 Jan 2026 16:52:30 +0000",https://www.pehub.com/mml-backs-rtm-engineering-consultants/
HKW-backed Electrical Equipment Engineering closes merger with Endpoint Industrial Controls,PE Hub,"Thu, 29 Jan 2026 16:49:38 +0000",https://www.pehub.com/hkw-backed-electrical-equipment-engineering-closes-merger-with-endpoint-industrial-controls/
